room,points,boundary_points,boundary_fraction,subset,method,count,accuracy,mean_class_accuracy,miou
5_office_31,56316,679,0.01205696,all,FlashKNN,56316,0.92028908,0.90319793,0.84873974
5_office_31,56316,679,0.01205696,all,ExactKNN,56316,0.91851339,0.90262862,0.84814170
5_office_31,56316,679,0.01205696,semantic_boundary,FlashKNN,679,0.58026510,0.52193905,0.34420034
5_office_31,56316,679,0.01205696,semantic_boundary,ExactKNN,679,0.53755523,0.45886027,0.31631252
5_office_31,56316,679,0.01205696,non_boundary,FlashKNN,55637,0.92443877,0.90819137,0.85662269
5_office_31,56316,679,0.01205696,non_boundary,ExactKNN,55637,0.92316264,0.90871415,0.85709785
5_office_26,51621,636,0.01232057,all,FlashKNN,51621,0.87505085,0.84116791,0.78816211
5_office_26,51621,636,0.01232057,all,ExactKNN,51621,0.86590729,0.79687674,0.74145923
5_office_26,51621,636,0.01232057,semantic_boundary,FlashKNN,636,0.65408805,0.52511681,0.32902197
5_office_26,51621,636,0.01232057,semantic_boundary,ExactKNN,636,0.65408805,0.47555285,0.32188718
5_office_26,51621,636,0.01232057,non_boundary,FlashKNN,50985,0.87780720,0.84514188,0.79436452
5_office_26,51621,636,0.01232057,non_boundary,ExactKNN,50985,0.86854957,0.80040293,0.74727623
5_office_14,83639,956,0.01143007,all,FlashKNN,83639,0.88281782,0.84857271,0.71717618
5_office_14,83639,956,0.01143007,all,ExactKNN,83639,0.89751193,0.87407597,0.80816316
5_office_14,83639,956,0.01143007,semantic_boundary,FlashKNN,956,0.59728033,0.55886964,0.33672070
5_office_14,83639,956,0.01143007,semantic_boundary,ExactKNN,956,0.59205021,0.54532572,0.36375918
5_office_14,83639,956,0.01143007,non_boundary,FlashKNN,82683,0.88611927,0.85240500,0.72216572
5_office_14,83639,956,0.01143007,non_boundary,ExactKNN,82683,0.90104375,0.87845232,0.81415646
5_hallway_9,78651,485,0.00616648,all,FlashKNN,78651,0.94520095,0.68566376,0.62594000
5_hallway_9,78651,485,0.00616648,all,ExactKNN,78651,0.92942238,0.64265968,0.51831977
5_hallway_9,78651,485,0.00616648,semantic_boundary,FlashKNN,485,0.64123711,0.40536245,0.20152938
5_hallway_9,78651,485,0.00616648,semantic_boundary,ExactKNN,485,0.63505155,0.32342968,0.21095415
5_hallway_9,78651,485,0.00616648,non_boundary,FlashKNN,78166,0.94708697,0.68637758,0.62997186
5_hallway_9,78651,485,0.00616648,non_boundary,ExactKNN,78166,0.93124888,0.64377412,0.52249343
5_office_15,89396,937,0.01048145,all,FlashKNN,89396,0.92412412,0.89903772,0.84928927
5_office_15,89396,937,0.01048145,all,ExactKNN,89396,0.94060137,0.92880756,0.88422893
5_office_15,89396,937,0.01048145,semantic_boundary,FlashKNN,937,0.73425827,0.62188726,0.49453808
5_office_15,89396,937,0.01048145,semantic_boundary,ExactKNN,937,0.75133404,0.62799963,0.50331186
5_office_15,89396,937,0.01048145,non_boundary,FlashKNN,88459,0.92613527,0.90112739,0.85275523
5_office_15,89396,937,0.01048145,non_boundary,ExactKNN,88459,0.94260618,0.93116790,0.88807395
5_office_37,190715,1926,0.01009884,all,FlashKNN,190715,0.88988281,0.83383651,0.70000560
5_office_37,190715,1926,0.01009884,all,ExactKNN,190715,0.88765435,0.83838484,0.70663238
5_office_37,190715,1926,0.01009884,semantic_boundary,FlashKNN,1926,0.62668744,0.52405887,0.34504173
5_office_37,190715,1926,0.01009884,semantic_boundary,ExactKNN,1926,0.62772586,0.50630652,0.31917084
5_office_37,190715,1926,0.01009884,non_boundary,FlashKNN,188789,0.89256789,0.83669015,0.70377016
5_office_37,190715,1926,0.01009884,non_boundary,ExactKNN,188789,0.89030611,0.84124499,0.71024529
5_office_23,61099,636,0.01040934,all,FlashKNN,61099,0.94803516,0.94412562,0.80277425
5_office_23,61099,636,0.01040934,all,ExactKNN,61099,0.93422151,0.93353614,0.78010725
5_office_23,61099,636,0.01040934,semantic_boundary,FlashKNN,636,0.59119497,0.45846544,0.31288030
5_office_23,61099,636,0.01040934,semantic_boundary,ExactKNN,636,0.60377358,0.47834042,0.29615251
5_office_23,61099,636,0.01040934,non_boundary,FlashKNN,60463,0.95178870,0.94893391,0.81157766
5_office_23,61099,636,0.01040934,non_boundary,ExactKNN,60463,0.93769743,0.93781959,0.78656654
5_office_38,205266,2413,0.01175548,all,FlashKNN,205266,0.86128243,0.89832410,0.65263949
5_office_38,205266,2413,0.01175548,all,ExactKNN,205266,0.84114271,0.89059712,0.70353602
5_office_38,205266,2413,0.01175548,semantic_boundary,FlashKNN,2413,0.61292996,0.58924199,0.38560610
5_office_38,205266,2413,0.01175548,semantic_boundary,ExactKNN,2413,0.58392043,0.58813107,0.35476254
5_office_38,205266,2413,0.01175548,non_boundary,FlashKNN,202853,0.86423666,0.90273432,0.65807702
5_office_38,205266,2413,0.01175548,non_boundary,ExactKNN,202853,0.84420245,0.89503902,0.70887847
5_hallway_5,183614,1092,0.00594726,all,FlashKNN,183614,0.96879868,0.84096515,0.69282889
5_hallway_5,183614,1092,0.00594726,all,ExactKNN,183614,0.96785104,0.88684569,0.64894232
5_hallway_5,183614,1092,0.00594726,semantic_boundary,FlashKNN,1092,0.83882784,0.57322681,0.43677947
5_hallway_5,183614,1092,0.00594726,semantic_boundary,ExactKNN,1092,0.83333333,0.48509268,0.34003349
5_hallway_5,183614,1092,0.00594726,non_boundary,FlashKNN,182522,0.96957627,0.84332510,0.69592132
5_hallway_5,183614,1092,0.00594726,non_boundary,ExactKNN,182522,0.96865583,0.89106491,0.65289550
5_office_28,52813,418,0.00791472,all,FlashKNN,52813,0.94671766,0.92584981,0.88556226
5_office_28,52813,418,0.00791472,all,ExactKNN,52813,0.94480526,0.93023889,0.88463567
5_office_28,52813,418,0.00791472,semantic_boundary,FlashKNN,418,0.63397129,0.60017614,0.42513928
5_office_28,52813,418,0.00791472,semantic_boundary,ExactKNN,418,0.67224880,0.56689861,0.43891028
5_office_28,52813,418,0.00791472,non_boundary,FlashKNN,52395,0.94921271,0.92992487,0.89195769
5_office_28,52813,418,0.00791472,non_boundary,ExactKNN,52395,0.94697967,0.93441655,0.89079083
5_hallway_2,289563,1704,0.00588473,all,FlashKNN,289563,0.94831522,0.91610260,0.49630924
5_hallway_2,289563,1704,0.00588473,all,ExactKNN,289563,0.92802257,0.88604306,0.42726842
5_hallway_2,289563,1704,0.00588473,semantic_boundary,FlashKNN,1704,0.77464789,0.61112933,0.26979375
5_hallway_2,289563,1704,0.00588473,semantic_boundary,ExactKNN,1704,0.79988263,0.54624314,0.25483141
5_hallway_2,289563,1704,0.00588473,non_boundary,FlashKNN,287859,0.94934325,0.91747450,0.49748529
5_hallway_2,289563,1704,0.00588473,non_boundary,ExactKNN,287859,0.92878110,0.88737090,0.42820763
5_hallway_10,78126,483,0.00618232,all,FlashKNN,78126,0.99034892,0.97565462,0.97061094
5_hallway_10,78126,483,0.00618232,all,ExactKNN,78126,0.98711056,0.96893757,0.96297212
5_hallway_10,78126,483,0.00618232,semantic_boundary,FlashKNN,483,0.89026915,0.49112749,0.24618736
5_hallway_10,78126,483,0.00618232,semantic_boundary,ExactKNN,483,0.90062112,0.45748021,0.24407967
5_hallway_10,78126,483,0.00618232,non_boundary,FlashKNN,77643,0.99097150,0.97649142,0.97246725
5_hallway_10,78126,483,0.00618232,non_boundary,ExactKNN,77643,0.98764860,0.96985641,0.96458094
5_office_7,58197,679,0.01166727,all,FlashKNN,58197,0.94171521,0.89690149,0.85433659
5_office_7,58197,679,0.01166727,all,ExactKNN,58197,0.93456707,0.90509552,0.85524939
5_office_7,58197,679,0.01166727,semantic_boundary,FlashKNN,679,0.58173785,0.52170186,0.37512881
5_office_7,58197,679,0.01166727,semantic_boundary,ExactKNN,679,0.57731959,0.50642218,0.36627044
5_office_7,58197,679,0.01166727,non_boundary,FlashKNN,57518,0.94596474,0.90092738,0.86081993
5_office_7,58197,679,0.01166727,non_boundary,ExactKNN,57518,0.93878438,0.90939058,0.86188556
5_office_8,61568,431,0.00700039,all,FlashKNN,61568,0.93417035,0.89807158,0.81672885
5_office_8,61568,431,0.00700039,all,ExactKNN,61568,0.95076988,0.91290775,0.84612144
5_office_8,61568,431,0.00700039,semantic_boundary,FlashKNN,431,0.60788863,0.54755537,0.35459979
5_office_8,61568,431,0.00700039,semantic_boundary,ExactKNN,431,0.60324826,0.48979467,0.33068518
5_office_8,61568,431,0.00700039,non_boundary,FlashKNN,61137,0.93647055,0.90095839,0.82082047
5_office_8,61568,431,0.00700039,non_boundary,ExactKNN,61137,0.95321982,0.91625658,0.85064710
5_office_10,52490,655,0.01247857,all,FlashKNN,52490,0.94728520,0.89557602,0.85520005
5_office_10,52490,655,0.01247857,all,ExactKNN,52490,0.93718804,0.87799610,0.83201521
5_office_10,52490,655,0.01247857,semantic_boundary,FlashKNN,655,0.70992366,0.54656284,0.41159687
5_office_10,52490,655,0.01247857,semantic_boundary,ExactKNN,655,0.69770992,0.52751111,0.39131233
5_office_10,52490,655,0.01247857,non_boundary,FlashKNN,51835,0.95028456,0.89851542,0.85953009
5_office_10,52490,655,0.01247857,non_boundary,ExactKNN,51835,0.94021414,0.88094584,0.83603350
5_office_11,59782,367,0.00613897,all,FlashKNN,59782,0.96406945,0.93947548,0.88724226
5_office_11,59782,367,0.00613897,all,ExactKNN,59782,0.96035596,0.92555789,0.84319880
5_office_11,59782,367,0.00613897,semantic_boundary,FlashKNN,367,0.67029973,0.60925851,0.46871043
5_office_11,59782,367,0.00613897,semantic_boundary,ExactKNN,367,0.67302452,0.61663479,0.47602632
5_office_11,59782,367,0.00613897,non_boundary,FlashKNN,59415,0.96588404,0.94301562,0.89277701
5_office_11,59782,367,0.00613897,non_boundary,ExactKNN,59415,0.96213078,0.92872244,0.84716513
5_conferenceRoom_2,131210,907,0.00691258,all,FlashKNN,131210,0.94270254,0.91902164,0.88014378
5_conferenceRoom_2,131210,907,0.00691258,all,ExactKNN,131210,0.95002667,0.93978236,0.90177163
5_conferenceRoom_2,131210,907,0.00691258,semantic_boundary,FlashKNN,907,0.71223815,0.66099950,0.44930223
5_conferenceRoom_2,131210,907,0.00691258,semantic_boundary,ExactKNN,907,0.73098126,0.69964576,0.46958440
5_conferenceRoom_2,131210,907,0.00691258,non_boundary,FlashKNN,130303,0.94430673,0.92082451,0.88339397
5_conferenceRoom_2,131210,907,0.00691258,non_boundary,ExactKNN,130303,0.95155138,0.94140281,0.90490235
5_hallway_6,71708,708,0.00987338,all,FlashKNN,71708,0.96442517,0.94910204,0.92273176
5_hallway_6,71708,708,0.00987338,all,ExactKNN,71708,0.96385341,0.93934702,0.91710447
5_hallway_6,71708,708,0.00987338,semantic_boundary,FlashKNN,708,0.75847458,0.63250436,0.52405633
5_hallway_6,71708,708,0.00987338,semantic_boundary,ExactKNN,708,0.78672316,0.62492625,0.53205200
5_hallway_6,71708,708,0.00987338,non_boundary,FlashKNN,71000,0.96647887,0.95176648,0.92843369
5_hallway_6,71708,708,0.00987338,non_boundary,ExactKNN,71000,0.96561972,0.94201288,0.92202759
5_office_12,58680,744,0.01267894,all,FlashKNN,58680,0.91019087,0.90445168,0.82929214
5_office_12,58680,744,0.01267894,all,ExactKNN,58680,0.91046353,0.91637835,0.75173970
5_office_12,58680,744,0.01267894,semantic_boundary,FlashKNN,744,0.58870968,0.57243565,0.40045145
5_office_12,58680,744,0.01267894,semantic_boundary,ExactKNN,744,0.61290323,0.62415595,0.45801381
5_office_12,58680,744,0.01267894,non_boundary,FlashKNN,57936,0.91431925,0.91105588,0.83723558
5_office_12,58680,744,0.01267894,non_boundary,ExactKNN,57936,0.91428473,0.92151111,0.75712046
5_office_35,61829,553,0.00894402,all,FlashKNN,61829,0.96820262,0.96326349,0.84307589
5_office_35,61829,553,0.00894402,all,ExactKNN,61829,0.96493555,0.95860709,0.83574273
5_office_35,61829,553,0.00894402,semantic_boundary,FlashKNN,553,0.66546112,0.55726681,0.35761915
5_office_35,61829,553,0.00894402,semantic_boundary,ExactKNN,553,0.65461121,0.53270710,0.34183512
5_office_35,61829,553,0.00894402,non_boundary,FlashKNN,61276,0.97093479,0.96812265,0.84913884
5_office_35,61829,553,0.00894402,non_boundary,ExactKNN,61276,0.96773614,0.96343190,0.84149033
5_storage_2,56069,663,0.01182472,all,FlashKNN,56069,0.81813480,0.85094654,0.75772384
5_storage_2,56069,663,0.01182472,all,ExactKNN,56069,0.81153579,0.84703009,0.56087902
5_storage_2,56069,663,0.01182472,semantic_boundary,FlashKNN,663,0.54298643,0.48916384,0.33423875
5_storage_2,56069,663,0.01182472,semantic_boundary,ExactKNN,663,0.54901961,0.47467597,0.28586194
5_storage_2,56069,663,0.01182472,non_boundary,FlashKNN,55406,0.82142728,0.85483458,0.76347886
5_storage_2,56069,663,0.01182472,non_boundary,ExactKNN,55406,0.81467711,0.85065376,0.56479441
5_office_18,86032,513,0.00596290,all,FlashKNN,86032,0.96525711,0.92733094,0.89461417
5_office_18,86032,513,0.00596290,all,ExactKNN,86032,0.96873256,0.92669239,0.89523643
5_office_18,86032,513,0.00596290,semantic_boundary,FlashKNN,513,0.77192982,0.56029682,0.44466018
5_office_18,86032,513,0.00596290,semantic_boundary,ExactKNN,513,0.79337232,0.61012488,0.46680082
5_office_18,86032,513,0.00596290,non_boundary,FlashKNN,85519,0.96641682,0.92947468,0.89802817
5_office_18,86032,513,0.00596290,non_boundary,ExactKNN,85519,0.96978449,0.92832964,0.89811837
5_hallway_15,87033,487,0.00559558,all,FlashKNN,87033,0.82885802,0.68535864,0.46181474
5_hallway_15,87033,487,0.00559558,all,ExactKNN,87033,0.83114451,0.68436854,0.46374234
5_hallway_15,87033,487,0.00559558,semantic_boundary,FlashKNN,487,0.48254620,0.43882434,0.22386678
5_hallway_15,87033,487,0.00559558,semantic_boundary,ExactKNN,487,0.50102669,0.39449705,0.25447215
5_hallway_15,87033,487,0.00559558,non_boundary,FlashKNN,86546,0.83080674,0.68604348,0.46323588
5_hallway_15,87033,487,0.00559558,non_boundary,ExactKNN,86546,0.83300210,0.68508197,0.46508905
5_hallway_13,84227,363,0.00430978,all,FlashKNN,84227,0.89021335,0.81809026,0.57888218
5_hallway_13,84227,363,0.00430978,all,ExactKNN,84227,0.88906170,0.81333325,0.66471701
5_hallway_13,84227,363,0.00430978,semantic_boundary,FlashKNN,363,0.61983471,0.50011820,0.22188066
5_hallway_13,84227,363,0.00430978,semantic_boundary,ExactKNN,363,0.69972452,0.50061728,0.25770088
5_hallway_13,84227,363,0.00430978,non_boundary,FlashKNN,83864,0.89138367,0.81954502,0.58033479
5_hallway_13,84227,363,0.00430978,non_boundary,ExactKNN,83864,0.88988124,0.81461140,0.66593322
5_office_24,112035,2259,0.02016334,all,FlashKNN,112035,0.85496497,0.87085003,0.72837185
5_office_24,112035,2259,0.02016334,all,ExactKNN,112035,0.83767573,0.85596877,0.71119022
5_office_24,112035,2259,0.02016334,semantic_boundary,FlashKNN,2259,0.54625941,0.44506174,0.27466501
5_office_24,112035,2259,0.02016334,semantic_boundary,ExactKNN,2259,0.55068614,0.45834147,0.31378076
5_office_24,112035,2259,0.02016334,non_boundary,FlashKNN,109776,0.86131759,0.87770993,0.73739972
5_office_24,112035,2259,0.02016334,non_boundary,ExactKNN,109776,0.84358148,0.86222449,0.71887905
5_office_3,53036,553,0.01042688,all,FlashKNN,53036,0.93283807,0.92234106,0.87765262
5_office_3,53036,553,0.01042688,all,ExactKNN,53036,0.93362999,0.92051075,0.79783994
5_office_3,53036,553,0.01042688,semantic_boundary,FlashKNN,553,0.71428571,0.64591555,0.42339703
5_office_3,53036,553,0.01042688,semantic_boundary,ExactKNN,553,0.72332731,0.57066674,0.37712025
5_office_3,53036,553,0.01042688,non_boundary,FlashKNN,52483,0.93514090,0.92484560,0.88155010
5_office_3,53036,553,0.01042688,non_boundary,ExactKNN,52483,0.93584589,0.92295604,0.80141107
5_office_29,112389,1720,0.01530399,all,FlashKNN,112389,0.80650242,0.84431147,0.69948744
5_office_29,112389,1720,0.01530399,all,ExactKNN,112389,0.79128740,0.83031461,0.74949220
5_office_29,112389,1720,0.01530399,semantic_boundary,FlashKNN,1720,0.60290698,0.56521616,0.36009515
5_office_29,112389,1720,0.01530399,semantic_boundary,ExactKNN,1720,0.58720930,0.52939643,0.36782128
5_office_29,112389,1720,0.01530399,non_boundary,FlashKNN,110669,0.80966666,0.84885399,0.70531403
5_office_29,112389,1720,0.01530399,non_boundary,ExactKNN,110669,0.79445915,0.83529718,0.75621525
5_storage_4,49008,305,0.00622347,all,FlashKNN,49008,0.85277914,0.79231074,0.66034840
5_storage_4,49008,305,0.00622347,all,ExactKNN,49008,0.82917075,0.76018362,0.56558814
5_storage_4,49008,305,0.00622347,semantic_boundary,FlashKNN,305,0.57049180,0.48849175,0.32138223
5_storage_4,49008,305,0.00622347,semantic_boundary,ExactKNN,305,0.51475410,0.42863895,0.27186055
5_storage_4,49008,305,0.00622347,non_boundary,FlashKNN,48703,0.85454695,0.79717382,0.66462537
5_storage_4,49008,305,0.00622347,non_boundary,ExactKNN,48703,0.83113977,0.76464136,0.56996437
5_conferenceRoom_3,101904,825,0.00809585,all,FlashKNN,101904,0.92349662,0.85228758,0.74882094
5_conferenceRoom_3,101904,825,0.00809585,all,ExactKNN,101904,0.91541058,0.82631071,0.72217103
5_conferenceRoom_3,101904,825,0.00809585,semantic_boundary,FlashKNN,825,0.70424242,0.62359884,0.38062911
5_conferenceRoom_3,101904,825,0.00809585,semantic_boundary,ExactKNN,825,0.71393939,0.59154034,0.36876422
5_conferenceRoom_3,101904,825,0.00809585,non_boundary,FlashKNN,101079,0.92528616,0.85440651,0.75190715
5_conferenceRoom_3,101904,825,0.00809585,non_boundary,ExactKNN,101079,0.91705498,0.82843726,0.72519623
5_office_5,51251,425,0.00829252,all,FlashKNN,51251,0.96848842,0.95759773,0.92342237
5_office_5,51251,425,0.00829252,all,ExactKNN,51251,0.97071277,0.96318632,0.83929143
5_office_5,51251,425,0.00829252,semantic_boundary,FlashKNN,425,0.65882353,0.54444289,0.37604950
5_office_5,51251,425,0.00829252,semantic_boundary,ExactKNN,425,0.69411765,0.58584262,0.38181786
5_office_5,51251,425,0.00829252,non_boundary,FlashKNN,50826,0.97107779,0.96021943,0.92808100
5_office_5,51251,425,0.00829252,non_boundary,ExactKNN,50826,0.97302562,0.96543695,0.84326215
5_lobby_1,70979,393,0.00553685,all,FlashKNN,70979,0.96104482,0.90893414,0.66750471
5_lobby_1,70979,393,0.00553685,all,ExactKNN,70979,0.98343172,0.96825389,0.81307586
5_lobby_1,70979,393,0.00553685,semantic_boundary,FlashKNN,393,0.70229008,0.73158378,0.40211729
5_lobby_1,70979,393,0.00553685,semantic_boundary,ExactKNN,393,0.72519084,0.66731287,0.47130460
5_lobby_1,70979,393,0.00553685,non_boundary,FlashKNN,70586,0.96248548,0.91086834,0.67009080
5_lobby_1,70979,393,0.00553685,non_boundary,ExactKNN,70586,0.98486952,0.97068940,0.81641848
5_hallway_14,48404,217,0.00448310,all,FlashKNN,48404,0.92736138,0.87133803,0.60341377
5_hallway_14,48404,217,0.00448310,all,ExactKNN,48404,0.94562433,0.89716759,0.62319297
5_hallway_14,48404,217,0.00448310,semantic_boundary,FlashKNN,217,0.87557604,0.58677759,0.43771848
5_hallway_14,48404,217,0.00448310,semantic_boundary,ExactKNN,217,0.85714286,0.54162671,0.33204656
5_hallway_14,48404,217,0.00448310,non_boundary,FlashKNN,48187,0.92759458,0.87185939,0.60390979
5_hallway_14,48404,217,0.00448310,non_boundary,ExactKNN,48187,0.94602279,0.89776295,0.62382065
5_office_9,54571,772,0.01414671,all,FlashKNN,54571,0.95477451,0.94245640,0.89232232
5_office_9,54571,772,0.01414671,all,ExactKNN,54571,0.95153103,0.94332304,0.80860394
5_office_9,54571,772,0.01414671,semantic_boundary,FlashKNN,772,0.62046632,0.58026899,0.38421584
5_office_9,54571,772,0.01414671,semantic_boundary,ExactKNN,772,0.58937824,0.56231757,0.36679024
5_office_9,54571,772,0.01414671,non_boundary,FlashKNN,53799,0.95957174,0.94644016,0.89874952
5_office_9,54571,772,0.01414671,non_boundary,ExactKNN,53799,0.95672782,0.94870849,0.81572000
5_office_16,50688,588,0.01160038,all,FlashKNN,50688,0.93006234,0.82648987,0.77533292
5_office_16,50688,588,0.01160038,all,ExactKNN,50688,0.92175663,0.83117081,0.77271494
5_office_16,50688,588,0.01160038,semantic_boundary,FlashKNN,588,0.75170068,0.61904120,0.50735801
5_office_16,50688,588,0.01160038,semantic_boundary,ExactKNN,588,0.77721088,0.65522064,0.53889498
5_office_16,50688,588,0.01160038,non_boundary,FlashKNN,50100,0.93215569,0.82904156,0.77838666
5_office_16,50688,588,0.01160038,non_boundary,ExactKNN,50100,0.92345309,0.83344957,0.77515477
5_office_41,95560,969,0.01014023,all,FlashKNN,95560,0.93412516,0.90482623,0.84529030
5_office_41,95560,969,0.01014023,all,ExactKNN,95560,0.93071369,0.91985451,0.84463423
5_office_41,95560,969,0.01014023,semantic_boundary,FlashKNN,969,0.62745098,0.54750472,0.40915949
5_office_41,95560,969,0.01014023,semantic_boundary,ExactKNN,969,0.65221878,0.56673195,0.42074364
5_office_41,95560,969,0.01014023,non_boundary,FlashKNN,94591,0.93726676,0.90888849,0.85061716
5_office_41,95560,969,0.01014023,non_boundary,ExactKNN,94591,0.93356662,0.92386582,0.84965302
5_office_40,176343,2110,0.01196532,all,FlashKNN,176343,0.94046829,0.83307823,0.70709888
5_office_40,176343,2110,0.01196532,all,ExactKNN,176343,0.93583528,0.83575382,0.78054335
5_office_40,176343,2110,0.01196532,semantic_boundary,FlashKNN,2110,0.59383886,0.54329764,0.33775476
5_office_40,176343,2110,0.01196532,semantic_boundary,ExactKNN,2110,0.60379147,0.44192495,0.31257899
5_office_40,176343,2110,0.01196532,non_boundary,FlashKNN,174233,0.94466605,0.83905408,0.71374950
5_office_40,176343,2110,0.01196532,non_boundary,ExactKNN,174233,0.93985640,0.84144363,0.78805192
5_hallway_7,78157,800,0.01023581,all,FlashKNN,78157,0.94706808,0.93929628,0.76632792
5_hallway_7,78157,800,0.01023581,all,ExactKNN,78157,0.96596594,0.94409231,0.66087475
5_hallway_7,78157,800,0.01023581,semantic_boundary,FlashKNN,800,0.77000000,0.76069271,0.38858470
5_hallway_7,78157,800,0.01023581,semantic_boundary,ExactKNN,800,0.73250000,0.58935961,0.33143999
5_hallway_7,78157,800,0.01023581,non_boundary,FlashKNN,77357,0.94889926,0.94110726,0.76920599
5_hallway_7,78157,800,0.01023581,non_boundary,ExactKNN,77357,0.96838037,0.94663698,0.66392372
5_office_17,65789,688,0.01045768,all,FlashKNN,65789,0.90778094,0.89582715,0.72490982
5_office_17,65789,688,0.01045768,all,ExactKNN,65789,0.91550259,0.89896490,0.65242568
5_office_17,65789,688,0.01045768,semantic_boundary,FlashKNN,688,0.63953488,0.69325602,0.49269632
5_office_17,65789,688,0.01045768,semantic_boundary,ExactKNN,688,0.63808140,0.68550814,0.42859661
5_office_17,65789,688,0.01045768,non_boundary,FlashKNN,65101,0.91061581,0.89922761,0.72829622
5_office_17,65789,688,0.01045768,non_boundary,ExactKNN,65101,0.91843443,0.90289891,0.65587728
5_office_36,82973,763,0.00919576,all,FlashKNN,82973,0.91591241,0.89300948,0.81805147
5_office_36,82973,763,0.00919576,all,ExactKNN,82973,0.91480361,0.89753710,0.82020807
5_office_36,82973,763,0.00919576,semantic_boundary,FlashKNN,763,0.67627785,0.59781580,0.41197004
5_office_36,82973,763,0.00919576,semantic_boundary,ExactKNN,763,0.66186107,0.58859221,0.40315770
5_office_36,82973,763,0.00919576,non_boundary,FlashKNN,82210,0.91813648,0.89507776,0.82074984
5_office_36,82973,763,0.00919576,non_boundary,ExactKNN,82210,0.91715120,0.89984467,0.82314979
5_hallway_8,33483,185,0.00552519,all,FlashKNN,33483,0.96350387,0.79755441,0.77239471
5_hallway_8,33483,185,0.00552519,all,ExactKNN,33483,0.96828241,0.82735728,0.81457074
5_hallway_8,33483,185,0.00552519,semantic_boundary,FlashKNN,185,0.94054054,0.47210983,0.43131868
5_hallway_8,33483,185,0.00552519,semantic_boundary,ExactKNN,185,0.94054054,0.47210983,0.40155678
5_hallway_8,33483,185,0.00552519,non_boundary,FlashKNN,33298,0.96363145,0.79825071,0.77293381
5_hallway_8,33483,185,0.00552519,non_boundary,ExactKNN,33298,0.96843654,0.82832973,0.81559951
5_office_6,52673,615,0.01167581,all,FlashKNN,52673,0.94357641,0.92790647,0.80796870
5_office_6,52673,615,0.01167581,all,ExactKNN,52673,0.92905284,0.91496540,0.79530959
5_office_6,52673,615,0.01167581,semantic_boundary,FlashKNN,615,0.59674797,0.48177557,0.34938471
5_office_6,52673,615,0.01167581,semantic_boundary,ExactKNN,615,0.49756098,0.38909661,0.27265244
5_office_6,52673,615,0.01167581,non_boundary,FlashKNN,52058,0.94767375,0.93201454,0.81410390
5_office_6,52673,615,0.01167581,non_boundary,ExactKNN,52058,0.93415037,0.92018386,0.80254727
5_storage_1,46329,469,0.01012325,all,FlashKNN,46329,0.76481254,0.67377967,0.50616269
5_storage_1,46329,469,0.01012325,all,ExactKNN,46329,0.74946578,0.68865504,0.45779597
5_storage_1,46329,469,0.01012325,semantic_boundary,FlashKNN,469,0.54797441,0.46040919,0.28921311
5_storage_1,46329,469,0.01012325,semantic_boundary,ExactKNN,469,0.55223881,0.52607239,0.30560915
5_storage_1,46329,469,0.01012325,non_boundary,FlashKNN,45860,0.76703009,0.67592439,0.50859450
5_storage_1,46329,469,0.01012325,non_boundary,ExactKNN,45860,0.75148277,0.69042764,0.45960039
5_office_20,35260,425,0.01205332,all,FlashKNN,35260,0.93026092,0.92464526,0.80440757
5_office_20,35260,425,0.01205332,all,ExactKNN,35260,0.92498582,0.91383693,0.76950558
5_office_20,35260,425,0.01205332,semantic_boundary,FlashKNN,425,0.79764706,0.69138561,0.52448184
5_office_20,35260,425,0.01205332,semantic_boundary,ExactKNN,425,0.78588235,0.62426009,0.47690040
5_office_20,35260,425,0.01205332,non_boundary,FlashKNN,34835,0.93187886,0.92688825,0.80786393
5_office_20,35260,425,0.01205332,non_boundary,ExactKNN,34835,0.92668293,0.91708621,0.77316137
5_office_33,57985,584,0.01007157,all,FlashKNN,57985,0.94443391,0.90607482,0.86615287
5_office_33,57985,584,0.01007157,all,ExactKNN,57985,0.95340174,0.92000479,0.88263095
5_office_33,57985,584,0.01007157,semantic_boundary,FlashKNN,584,0.67465753,0.69211249,0.53367883
5_office_33,57985,584,0.01007157,semantic_boundary,ExactKNN,584,0.67123288,0.68139125,0.48850274
5_office_33,57985,584,0.01007157,non_boundary,FlashKNN,57401,0.94717862,0.90858843,0.87038060
5_office_33,57985,584,0.01007157,non_boundary,ExactKNN,57401,0.95627254,0.92272719,0.88771352
5_hallway_4,67070,270,0.00402564,all,FlashKNN,67070,0.96548382,0.81796868,0.62693350
5_hallway_4,67070,270,0.00402564,all,ExactKNN,67070,0.97298345,0.92247646,0.75743807
5_hallway_4,67070,270,0.00402564,semantic_boundary,FlashKNN,270,0.83703704,0.51214183,0.34065543
5_hallway_4,67070,270,0.00402564,semantic_boundary,ExactKNN,270,0.85185185,0.52420120,0.38979466
5_hallway_4,67070,270,0.00402564,non_boundary,FlashKNN,66800,0.96600299,0.81927255,0.62804303
5_hallway_4,67070,270,0.00402564,non_boundary,ExactKNN,66800,0.97347305,0.92399803,0.75868935
5_hallway_1,224254,774,0.00345144,all,FlashKNN,224254,0.77603967,0.71512819,0.38478034
5_hallway_1,224254,774,0.00345144,all,ExactKNN,224254,0.77661937,0.72774134,0.40480623
5_hallway_1,224254,774,0.00345144,semantic_boundary,FlashKNN,774,0.37338501,0.33503569,0.17972979
5_hallway_1,224254,774,0.00345144,semantic_boundary,ExactKNN,774,0.34754522,0.27838961,0.15894766
5_hallway_1,224254,774,0.00345144,non_boundary,FlashKNN,223480,0.77743422,0.71622583,0.38584234
5_hallway_1,224254,774,0.00345144,non_boundary,ExactKNN,223480,0.77810542,0.72895473,0.40611297
5_office_32,55266,599,0.01083849,all,FlashKNN,55266,0.94828647,0.92739095,0.88964681
5_office_32,55266,599,0.01083849,all,ExactKNN,55266,0.96310571,0.95503472,0.92429404
5_office_32,55266,599,0.01083849,semantic_boundary,FlashKNN,599,0.60767947,0.61462844,0.44786967
5_office_32,55266,599,0.01083849,semantic_boundary,ExactKNN,599,0.61101836,0.64366283,0.45638639
5_office_32,55266,599,0.01083849,non_boundary,FlashKNN,54667,0.95201859,0.93295819,0.89743911
5_office_32,55266,599,0.01083849,non_boundary,ExactKNN,54667,0.96696362,0.96129254,0.93328176
5_hallway_11,51494,126,0.00244689,all,FlashKNN,51494,0.97790034,0.95143289,0.75466417
5_hallway_11,51494,126,0.00244689,all,ExactKNN,51494,0.97339496,0.92756218,0.73201200
5_hallway_11,51494,126,0.00244689,semantic_boundary,FlashKNN,126,0.93650794,0.65819209,0.42123984
5_hallway_11,51494,126,0.00244689,semantic_boundary,ExactKNN,126,0.94444444,0.66101695,0.42327236
5_hallway_11,51494,126,0.00244689,non_boundary,FlashKNN,51368,0.97800187,0.95187408,0.75504446
5_hallway_11,51494,126,0.00244689,non_boundary,ExactKNN,51368,0.97346597,0.92795086,0.73233621
5_hallway_3,82767,430,0.00519531,all,FlashKNN,82767,0.95063250,0.83334423,0.67755776
5_hallway_3,82767,430,0.00519531,all,ExactKNN,82767,0.95638358,0.82261794,0.56836013
5_hallway_3,82767,430,0.00519531,semantic_boundary,FlashKNN,430,0.86511628,0.30918631,0.24550782
5_hallway_3,82767,430,0.00519531,semantic_boundary,ExactKNN,430,0.86046512,0.32048188,0.21757782
5_hallway_3,82767,430,0.00519531,non_boundary,FlashKNN,82337,0.95107910,0.83456213,0.67883652
5_hallway_3,82767,430,0.00519531,non_boundary,ExactKNN,82337,0.95688451,0.82366358,0.56933418
5_WC_2,42964,467,0.01086957,all,FlashKNN,42964,0.87987618,0.90690251,0.70309910
5_WC_2,42964,467,0.01086957,all,ExactKNN,42964,0.93866958,0.94935771,0.65067568
5_WC_2,42964,467,0.01086957,semantic_boundary,FlashKNN,467,0.57815846,0.63699964,0.27770600
5_WC_2,42964,467,0.01086957,semantic_boundary,ExactKNN,467,0.54603854,0.64749501,0.29086482
5_WC_2,42964,467,0.01086957,non_boundary,FlashKNN,42497,0.88319175,0.90910696,0.70639143
5_WC_2,42964,467,0.01086957,non_boundary,ExactKNN,42497,0.94298421,0.95259533,0.65490948
5_office_25,43274,593,0.01370338,all,FlashKNN,43274,0.92101493,0.91316664,0.85275347
5_office_25,43274,593,0.01370338,all,ExactKNN,43274,0.90978417,0.86403157,0.67334020
5_office_25,43274,593,0.01370338,semantic_boundary,FlashKNN,593,0.64080944,0.59924342,0.44077567
5_office_25,43274,593,0.01370338,semantic_boundary,ExactKNN,593,0.61045531,0.55480217,0.40209240
5_office_25,43274,593,0.01370338,non_boundary,FlashKNN,42681,0.92490804,0.91728230,0.85889723
5_office_25,43274,593,0.01370338,non_boundary,ExactKNN,42681,0.91394297,0.86870491,0.67873405
5_office_21,135310,1062,0.00784864,all,FlashKNN,135310,0.93677481,0.92555886,0.85992250
5_office_21,135310,1062,0.00784864,all,ExactKNN,135310,0.94517774,0.93432067,0.86704452
5_office_21,135310,1062,0.00784864,semantic_boundary,FlashKNN,1062,0.74764595,0.67063343,0.49115003
5_office_21,135310,1062,0.00784864,semantic_boundary,ExactKNN,1062,0.78248588,0.70244992,0.52899934
5_office_21,135310,1062,0.00784864,non_boundary,FlashKNN,134248,0.93827096,0.92771506,0.86334389
5_office_21,135310,1062,0.00784864,non_boundary,ExactKNN,134248,0.94646475,0.93641988,0.87004338
5_conferenceRoom_1,68999,529,0.00766678,all,FlashKNN,68999,0.95475297,0.93578608,0.91663565
5_conferenceRoom_1,68999,529,0.00766678,all,ExactKNN,68999,0.95082537,0.93170214,0.89944813
5_conferenceRoom_1,68999,529,0.00766678,semantic_boundary,FlashKNN,529,0.54820416,0.61539001,0.39320285
5_conferenceRoom_1,68999,529,0.00766678,semantic_boundary,ExactKNN,529,0.54442344,0.62438761,0.37374272
5_conferenceRoom_1,68999,529,0.00766678,non_boundary,FlashKNN,68470,0.95789397,0.93959960,0.92249104
5_conferenceRoom_1,68999,529,0.00766678,non_boundary,ExactKNN,68470,0.95396524,0.93530313,0.90525087
5_office_39,65741,748,0.01137798,all,FlashKNN,65741,0.94015911,0.83866352,0.72749669
5_office_39,65741,748,0.01137798,all,ExactKNN,65741,0.92993718,0.82460963,0.71092623
5_office_39,65741,748,0.01137798,semantic_boundary,FlashKNN,748,0.66844920,0.49825677,0.40102445
5_office_39,65741,748,0.01137798,semantic_boundary,ExactKNN,748,0.67513369,0.46596367,0.33711198
5_office_39,65741,748,0.01137798,non_boundary,FlashKNN,64993,0.94328620,0.84230036,0.73248745
5_office_39,65741,748,0.01137798,non_boundary,ExactKNN,64993,0.93286969,0.82824800,0.71558623
5_pantry_1,47290,417,0.00881793,all,FlashKNN,47290,0.71956016,0.77206284,0.42987934
5_pantry_1,47290,417,0.00881793,all,ExactKNN,47290,0.75741171,0.80243828,0.39118453
5_pantry_1,47290,417,0.00881793,semantic_boundary,FlashKNN,417,0.80815348,0.76346983,0.34405908
5_pantry_1,47290,417,0.00881793,semantic_boundary,ExactKNN,417,0.77937650,0.67461386,0.31623564
5_pantry_1,47290,417,0.00881793,non_boundary,FlashKNN,46873,0.71877200,0.77247655,0.43048902
5_pantry_1,47290,417,0.00881793,non_boundary,ExactKNN,46873,0.75721631,0.80316943,0.39196929
5_office_13,71403,1189,0.01665196,all,FlashKNN,71403,0.92938672,0.91950724,0.87304328
5_office_13,71403,1189,0.01665196,all,ExactKNN,71403,0.92996093,0.90411692,0.78456438
5_office_13,71403,1189,0.01665196,semantic_boundary,FlashKNN,1189,0.59125315,0.49359250,0.34054427
5_office_13,71403,1189,0.01665196,semantic_boundary,ExactKNN,1189,0.53153911,0.45039269,0.30959956
5_office_13,71403,1189,0.01665196,non_boundary,FlashKNN,70214,0.93511266,0.92519132,0.88151000
5_office_13,71403,1189,0.01665196,non_boundary,ExactKNN,70214,0.93670778,0.91036021,0.79320047
5_office_19,110821,1085,0.00979056,all,FlashKNN,110821,0.88741304,0.89738010,0.61546246
5_office_19,110821,1085,0.00979056,all,ExactKNN,110821,0.87190153,0.87682308,0.59707204
5_office_19,110821,1085,0.00979056,semantic_boundary,FlashKNN,1085,0.64516129,0.46773415,0.29854110
5_office_19,110821,1085,0.00979056,semantic_boundary,ExactKNN,1085,0.66267281,0.46776671,0.29675802
5_office_19,110821,1085,0.00979056,non_boundary,FlashKNN,109736,0.88980827,0.90184112,0.61962766
5_office_19,110821,1085,0.00979056,non_boundary,ExactKNN,109736,0.87397026,0.88075600,0.60081474
5_hallway_12,51228,223,0.00435309,all,FlashKNN,51228,0.99098149,0.96700931,0.96282468
5_hallway_12,51228,223,0.00435309,all,ExactKNN,51228,0.98360272,0.93335049,0.91690169
5_hallway_12,51228,223,0.00435309,semantic_boundary,FlashKNN,223,0.89686099,0.50316527,0.37488727
5_hallway_12,51228,223,0.00435309,semantic_boundary,ExactKNN,223,0.86995516,0.28716620,0.20452489
5_hallway_12,51228,223,0.00435309,non_boundary,FlashKNN,51005,0.99139300,0.96900436,0.96518897
5_hallway_12,51228,223,0.00435309,non_boundary,ExactKNN,51005,0.98409960,0.93624590,0.91965775
5_WC_1,47349,466,0.00984181,all,FlashKNN,47349,0.92701007,0.94320207,0.89599379
5_WC_1,47349,466,0.00984181,all,ExactKNN,47349,0.92660880,0.94182836,0.74607044
5_WC_1,47349,466,0.00984181,semantic_boundary,FlashKNN,466,0.79184549,0.64336128,0.50501381
5_WC_1,47349,466,0.00984181,semantic_boundary,ExactKNN,466,0.79399142,0.63172029,0.51094033
5_WC_1,47349,466,0.00984181,non_boundary,FlashKNN,46883,0.92835356,0.94420330,0.89765496
5_WC_1,47349,466,0.00984181,non_boundary,ExactKNN,46883,0.92792697,0.94281245,0.74732511
5_office_34,61587,922,0.01497069,all,FlashKNN,61587,0.87797750,0.86289654,0.80193058
5_office_34,61587,922,0.01497069,all,ExactKNN,61587,0.87669476,0.86285112,0.73246819
5_office_34,61587,922,0.01497069,semantic_boundary,FlashKNN,922,0.57049892,0.49572592,0.34878257
5_office_34,61587,922,0.01497069,semantic_boundary,ExactKNN,922,0.58459870,0.48803473,0.35298713
5_office_34,61587,922,0.01497069,non_boundary,FlashKNN,60665,0.88265062,0.86768411,0.80794101
5_office_34,61587,922,0.01497069,non_boundary,ExactKNN,60665,0.88113410,0.86725678,0.73755850
5_office_2,59460,606,0.01019173,all,FlashKNN,59460,0.95126135,0.92405517,0.88761086
5_office_2,59460,606,0.01019173,all,ExactKNN,59460,0.95639085,0.93881929,0.89218090
5_office_2,59460,606,0.01019173,semantic_boundary,FlashKNN,606,0.63696370,0.51479022,0.35945248
5_office_2,59460,606,0.01019173,semantic_boundary,ExactKNN,606,0.67161716,0.55994071,0.40729785
5_office_2,59460,606,0.01019173,non_boundary,FlashKNN,58854,0.95449757,0.92867269,0.89442778
5_office_2,59460,606,0.01019173,non_boundary,ExactKNN,58854,0.95932307,0.94253017,0.89771667
5_office_30,32894,424,0.01288989,all,FlashKNN,32894,0.96987293,0.95626061,0.92666023
5_office_30,32894,424,0.01288989,all,ExactKNN,32894,0.96932571,0.95366038,0.83308349
5_office_30,32894,424,0.01288989,semantic_boundary,FlashKNN,424,0.76650943,0.67394836,0.54678072
5_office_30,32894,424,0.01288989,semantic_boundary,ExactKNN,424,0.75235849,0.63566735,0.51188410
5_office_30,32894,424,0.01288989,non_boundary,FlashKNN,32470,0.97252849,0.96022824,0.93219677
5_office_30,32894,424,0.01288989,non_boundary,ExactKNN,32470,0.97215892,0.95805811,0.83856753
5_office_4,56347,471,0.00835892,all,FlashKNN,56347,0.96448791,0.93825994,0.89794783
5_office_4,56347,471,0.00835892,all,ExactKNN,56347,0.96864074,0.94979766,0.90483094
5_office_4,56347,471,0.00835892,semantic_boundary,FlashKNN,471,0.60509554,0.55096531,0.41566346
5_office_4,56347,471,0.00835892,semantic_boundary,ExactKNN,471,0.63694268,0.51505072,0.38324787
5_office_4,56347,471,0.00835892,non_boundary,FlashKNN,55876,0.96751736,0.94334115,0.90450531
5_office_4,56347,471,0.00835892,non_boundary,ExactKNN,55876,0.97143675,0.95447139,0.91060573
5_office_1,57088,686,0.01201654,all,FlashKNN,57088,0.94692405,0.90759658,0.79740041
5_office_1,57088,686,0.01201654,all,ExactKNN,57088,0.94030269,0.90124257,0.78793703
5_office_1,57088,686,0.01201654,semantic_boundary,FlashKNN,686,0.56413994,0.57811267,0.35572302
5_office_1,57088,686,0.01201654,semantic_boundary,ExactKNN,686,0.57142857,0.54204318,0.36677949
5_office_1,57088,686,0.01201654,non_boundary,FlashKNN,56402,0.95157973,0.91345531,0.80587906
5_office_1,57088,686,0.01201654,non_boundary,ExactKNN,56402,0.94478919,0.90692793,0.79597323
5_office_22,54060,551,0.01019238,all,FlashKNN,54060,0.93422124,0.87179981,0.81840518
5_office_22,54060,551,0.01019238,all,ExactKNN,54060,0.93694044,0.88067431,0.76026017
5_office_22,54060,551,0.01019238,semantic_boundary,FlashKNN,551,0.78039927,0.66562636,0.47469034
5_office_22,54060,551,0.01019238,semantic_boundary,ExactKNN,551,0.77495463,0.68421358,0.48213843
5_office_22,54060,551,0.01019238,non_boundary,FlashKNN,53509,0.93580519,0.87402278,0.82129127
5_office_22,54060,551,0.01019238,non_boundary,ExactKNN,53509,0.93860846,0.88283044,0.76304842
5_office_42,58240,613,0.01052541,all,FlashKNN,58240,0.93243475,0.91672892,0.85166714
5_office_42,58240,613,0.01052541,all,ExactKNN,58240,0.92242445,0.90697090,0.83130280
5_office_42,58240,613,0.01052541,semantic_boundary,FlashKNN,613,0.61337684,0.58833119,0.42831550
5_office_42,58240,613,0.01052541,semantic_boundary,ExactKNN,613,0.66721044,0.63223212,0.48742253
5_office_42,58240,613,0.01052541,non_boundary,FlashKNN,57627,0.93582869,0.92127009,0.85859014
5_office_42,58240,613,0.01052541,non_boundary,ExactKNN,57627,0.92513926,0.91021154,0.83672604
5_storage_3,13119,94,0.00716518,all,FlashKNN,13119,0.87483802,0.86316785,0.69949146
5_storage_3,13119,94,0.00716518,all,ExactKNN,13119,0.87506670,0.88156032,0.71246289
5_storage_3,13119,94,0.00716518,semantic_boundary,FlashKNN,94,0.87234043,0.70377778,0.59492997
5_storage_3,13119,94,0.00716518,semantic_boundary,ExactKNN,94,0.88297872,0.75377778,0.63665158
5_storage_3,13119,94,0.00716518,non_boundary,FlashKNN,13025,0.87485605,0.86311946,0.69998541
5_storage_3,13119,94,0.00716518,non_boundary,ExactKNN,13025,0.87500960,0.88132549,0.71291645
5_office_27,50815,699,0.01375578,all,FlashKNN,50815,0.93149661,0.89637992,0.86079170
5_office_27,50815,699,0.01375578,all,ExactKNN,50815,0.92647840,0.88907127,0.84756487
5_office_27,50815,699,0.01375578,semantic_boundary,FlashKNN,699,0.59942775,0.56243295,0.41376781
5_office_27,50815,699,0.01375578,semantic_boundary,ExactKNN,699,0.60515021,0.54984857,0.41768697
5_office_27,50815,699,0.01375578,non_boundary,FlashKNN,50116,0.93612818,0.90222664,0.86943075
5_office_27,50815,699,0.01375578,non_boundary,ExactKNN,50116,0.93096017,0.89456200,0.85554184
