"Kernel Name","void FlashKNN_Query_dynamic_load_kernel<float, (int)2, (int)5, (bool)0, (bool)1>(int *, T1 *, const T1 *, const int *, const int *, const int *, int, int, int, int, int, T1)",
"Address","Source","launch__block_size","launch__grid_size","launch__registers_per_thread","launch__shared_mem_per_block"
"0x78c83b30ac00","      IMAD.MOV.U32 R1, RZ, RZ, c[0x0][0x28]","0","0","0","0"
"0x78c83b30ac10","      S2R R7, SR_CTAID.Y","0","0","0","0"
"0x78c83b30ac20","      S2R R0, SR_CTAID.X","0","0","0","0"
"0x78c83b30ac30","      IMAD R7, R7, c[0x0][0xc], R0","0","0","0","0"
"0x78c83b30ac40","      ISETP.GE.AND P0, PT, R7, c[0x0][0x194], PT","0","0","0","0"
"0x78c83b30ac50","@P0   EXIT","0","0","0","0"
"0x78c83b30ac60","      S2R R5, SR_TID.Y","0","0","0","0"
"0x78c83b30ac70","      IMAD.MOV.U32 R3, RZ, RZ, 0x1","0","0","0","0"
"0x78c83b30ac80","      ULDC.64 UR4, c[0x0][0x118]","0","0","0","0"
"0x78c83b30ac90","      IMAD.MOV R11, RZ, RZ, -c[0x0][0x0]","0","0","0","0"
"0x78c83b30aca0","      S2R R0, SR_TID.X","0","0","0","0"
"0x78c83b30acb0","      IADD3 R2, -R3, c[0x0][0x190], RZ","0","0","0","0"
"0x78c83b30acc0","      IADD3 R3, -R3, c[0x0][0x0], RZ","0","0","0","0"
"0x78c83b30acd0","      SHF.R.S32.HI R10, RZ, 0x5, R2","0","0","0","0"
"0x78c83b30ace0","      LEA R11, R11, 0x2000, 0x8","0","0","0","0"
"0x78c83b30acf0","      LOP3.LUT R8, R2, R3, RZ, 0xc0, !PT","0","0","0","0"
"0x78c83b30ad00","      IMAD.SHL.U32 R10, R10, 0x4, RZ","0","0","0","0"
"0x78c83b30ad10","      IADD3 R11, R11, 0x1f, RZ","0","0","0","0"
"0x78c83b30ad20","      IMAD R6, R5, c[0x0][0x0], R0","0","0","0","0"
"0x78c83b30ad30","      IADD3 R9, R0, c[0x0][0x0], RZ","0","0","0","0"
"0x78c83b30ad40","      LOP3.LUT R16, R6, 0x1f, RZ, 0xc0, !PT","0","0","0","0"
"0x78c83b30ad50","      LOP3.LUT R12, R16, 0x1, RZ, 0x3c, !PT","0","0","0","0"
"0x78c83b30ad60","      LOP3.LUT R13, R16, 0x2, RZ, 0x3c, !PT","0","0","0","0"
"0x78c83b30ad70","      LOP3.LUT R14, R16, 0x4, RZ, 0x3c, !PT","0","0","0","0"
"0x78c83b30ad80","      LOP3.LUT R15, R16, 0x8, RZ, 0x3c, !PT","0","0","0","0"
"0x78c83b30ad90","      LOP3.LUT R16, R16, 0x10, RZ, 0x3c, !PT","0","0","0","0"
"0x78c83b30ada0","      IMAD.MOV.U32 R2, RZ, RZ, 0x4","0","0","0","0"
"0x78c83b30adb0","      IMAD R17, R7, 0x1c, RZ","0","0","0","0"
"0x78c83b30adc0","      IMAD.WIDE R18, R17, R2, c[0x0][0x188]","0","0","0","0"
"0x78c83b30add0","      LDG.E R18, [R18.64+0x6c]","0","0","0","0"
"0x78c83b30ade0","      ISETP.GE.AND P0, PT, R18, 0x1, PT","0","0","0","0"
"0x78c83b30adf0","@!P0  BRA 0x78c83b30d160","0","0","0","0"
"0x78c83b30ae00","      IADD3 R19, P0, R2, c[0x0][0x188], RZ","0","0","0","0"
"0x78c83b30ae10","      IMAD.MOV.U32 R22, RZ, RZ, RZ","0","0","0","0"
"0x78c83b30ae20","      SHF.R.S32.HI R20, RZ, 0x1f, R17","0","0","0","0"
"0x78c83b30ae30","      IMAD.MOV.U32 R21, RZ, RZ, RZ","0","0","0","0"
"0x78c83b30ae40","      IMAD.X R23, RZ, RZ, c[0x0][0x18c], P0","0","0","0","0"
"0x78c83b30ae50","      IMAD.MOV.U32 R2, RZ, RZ, 0x1","0","0","0","0"
"0x78c83b30ae60","      WARPSYNC 0xffffffff","0","0","0","0"
"0x78c83b30ae70","      BAR.SYNC.DEFER_BLOCKING 0x0","0","0","0","0"
"0x78c83b30ae80","      ISETP.LE.AND P0, PT, R2, c[0x0][0x19c], PT","0","0","0","0"
"0x78c83b30ae90","@!P0  BRA 0x78c83b30b240","0","0","0","0"
"0x78c83b30aea0","      IMAD R24, R7, 0x1c, RZ","0","0","0","0"
"0x78c83b30aeb0","      IMAD.MOV.U32 R29, RZ, RZ, RZ","0","0","0","0"
"0x78c83b30aec0","      LEA R2, P0, R24, R19, 0x2","0","0","0","0"
"0x78c83b30aed0","      SHF.R.S32.HI R4, RZ, 0x1f, R24","0","0","0","0"
"0x78c83b30aee0","      LEA.HI.X R3, R24, R23, R4, 0x2, P0","0","0","0","0"
"0x78c83b30aef0","      ISETP.GT.AND P0, PT, R22, 0x1a, PT","0","0","0","0"
"0x78c83b30af00","      IMAD.MOV.U32 R4, RZ, RZ, c[0x0][0x0]","0","0","0","0"
"0x78c83b30af10","      BSSY B0, 0x78c83b30b030","0","0","0","0"
"0x78c83b30af20","      IMAD.IADD R34, R6, 0x1, R29","0","0","0","0"
"0x78c83b30af30","      IMAD R29, R4, c[0x0][0x4], R29","0","0","0","0"
"0x78c83b30af40","      IMAD.IADD R31, R34, 0x1, R21","0","0","0","0"
"0x78c83b30af50","      ISETP.GE.AND P1, PT, R29, c[0x0][0x19c], PT","0","0","0","0"
"0x78c83b30af60","@P0   BRA 0x78c83b30b020","0","0","0","0"
"0x78c83b30af70","      IMAD.WIDE R4, R22, 0x4, R2","0","0","0","0"
"0x78c83b30af80","      IMAD.MOV.U32 R24, RZ, RZ, R4","0","0","0","0"
"0x78c83b30af90","      IMAD.MOV.U32 R4, RZ, RZ, R24","0","0","0","0"
"0x78c83b30afa0","      LDG.E R4, [R4.64]","0","0","0","0"
"0x78c83b30afb0","      ISETP.GT.AND P0, PT, R4, R31, PT","0","0","0","0"
"0x78c83b30afc0","@P0   BRA 0x78c83b30b020","0","0","0","0"
"0x78c83b30afd0","      ISETP.GE.AND P0, PT, R22, 0x1a, PT","0","0","0","0"
"0x78c83b30afe0","      IADD3 R24, P2, R24, 0x4, RZ","0","0","0","0"
"0x78c83b30aff0","      IADD3 R22, R22, 0x1, RZ","0","0","0","0"
"0x78c83b30b000","      IMAD.X R5, RZ, RZ, R5, P2","0","0","0","0"
"0x78c83b30b010","@!P0  BRA 0x78c83b30af90","0","0","0","0"
"0x78c83b30b020","      BSYNC B0","0","0","0","0"
"0x78c83b30b030","      ISETP.GE.AND P0, PT, R31, R18, PT","0","0","0","0"
"0x78c83b30b040","      BSSY B0, 0x78c83b30b230","0","0","0","0"
"0x78c83b30b050","      ISETP.GE.OR P0, PT, R34, c[0x0][0x19c], P0","0","0","0","0"
"0x78c83b30b060","@P0   BRA 0x78c83b30b220","0","0","0","0"
"0x78c83b30b070","      IMAD R5, R7, 0x1b, RZ","0","0","0","0"
"0x78c83b30b080","      SHF.R.S32.HI R26, RZ, 0x1f, R22","0","0","0","0"
"0x78c83b30b090","      IADD3 R4, P0, R22, R5, RZ","0","0","0","0"
"0x78c83b30b0a0","      LEA.HI.X.SX32 R5, R5, R26, 0x1, P0","0","0","0","0"
"0x78c83b30b0b0","      LEA R24, P0, R4, c[0x0][0x180], 0x2","0","0","0","0"
"0x78c83b30b0c0","      LEA.HI.X R25, R4, c[0x0][0x184], R5, 0x2, P0","0","0","0","0"
"0x78c83b30b0d0","      LDG.E R4, [R24.64]","0","0","0","0"
"0x78c83b30b0e0","      IADD3 R5, P0, R17, R22, RZ","0","0","0","0"
"0x78c83b30b0f0","      IMAD.MOV.U32 R33, RZ, RZ, 0x4","0","0","0","0"
"0x78c83b30b100","      IMAD.X R28, R20, 0x1, R26, P0","0","0","0","0"
"0x78c83b30b110","      LEA R26, P0, R5, c[0x0][0x188], 0x2","0","0","0","0"
"0x78c83b30b120","      LEA.HI.X R27, R5, c[0x0][0x18c], R28, 0x2, P0","0","0","0","0"
"0x78c83b30b130","      LDG.E R26, [R26.64]","0","0","0","0"
"0x78c83b30b140","      IMAD.WIDE R4, R4, R33, c[0x0][0x178]","0","0","0","0"
"0x78c83b30b150","      LDG.E R5, [R4.64]","0","0","0","0"
"0x78c83b30b160","      IADD3 R28, R5, R31, -R26","0","0","0","0"
"0x78c83b30b170","      IMAD R30, R28, 0x3, RZ","0","0","0","0"
"0x78c83b30b180","      IMAD.WIDE R24, R30, R33, c[0x0][0x170]","0","0","0","0"
"0x78c83b30b190","      LDG.E R30, [R24.64]","0","0","0","0"
"0x78c83b30b1a0","      LDG.E R31, [R24.64+0x4]","0","0","0","0"
"0x78c83b30b1b0","      LDG.E R32, [R24.64+0x8]","0","0","0","0"
"0x78c83b30b1c0","      IMAD R33, R34, 0xc, RZ","0","0","0","0"
"0x78c83b30b1d0","      IADD3 R35, R34, c[0x0][0x198], RZ","0","0","0","0"
"0x78c83b30b1e0","      STS [R33], R30","0","0","0","0"
"0x78c83b30b1f0","      STS [R33+0x4], R31","0","0","0","0"
"0x78c83b30b200","      STS [R33+0x8], R32","0","0","0","0"
"0x78c83b30b210","      STS [R35.X4], R28","0","0","0","0"
"0x78c83b30b220","      BSYNC B0","0","0","0","0"
"0x78c83b30b230","@!P1  BRA 0x78c83b30aef0","0","0","0","0"
"0x78c83b30b240","      BAR.SYNC.DEFER_BLOCKING 0x0","0","0","0","0"
"0x78c83b30b250","      IMAD.MOV.U32 R2, RZ, RZ, 0x4","0","0","0","0"
"0x78c83b30b260","      IMAD.WIDE R2, R7, R2, c[0x0][0x178]","0","0","0","0"
"0x78c83b30b270","      LDG.E R24, [R2.64+0x4]","0","0","0","0"
"0x78c83b30b280","      LDG.E R25, [R2.64]","0","0","0","0"
"0x78c83b30b290","      IADD3 R5, R21, c[0x0][0x19c], RZ","0","0","0","0"
"0x78c83b30b2a0","      IMAD.IADD R26, R18, 0x1, -R21","0","0","0","0"
"0x78c83b30b2b0","      BSSY B0, 0x78c83b30d0e0","0","0","0","0"
"0x78c83b30b2c0","      ISETP.GE.AND P0, PT, R5, R18, PT","0","0","0","0"
"0x78c83b30b2d0","      SEL R26, R26, c[0x0][0x19c], P0","0","0","0","0"
"0x78c83b30b2e0","      ISETP.GE.AND P1, PT, R25, R24, PT","0","0","0","0"
"0x78c83b30b2f0","@P1   BRA 0x78c83b30d0d0","0","0","0","0"
"0x78c83b30b300","      IMAD.MOV.U32 R27, RZ, RZ, R25","0","0","0","0"
"0x78c83b30b310","      S2R R2, SR_TID.Y","0","0","0","0"
"0x78c83b30b320","      IADD3 R28, R24, -0x1, RZ","0","0","0","0"
"0x78c83b30b330","      IMAD.MOV.U32 R37, RZ, RZ, 0x4","0","0","0","0"
"0x78c83b30b340","      IMAD.IADD R3, R2, 0x1, R27","0","0","0","0"
"0x78c83b30b350","      IMNMX.U32 R28, R28, R3, PT","0","0","0","0"
"0x78c83b30b360","      IMAD R2, R28, 0x3, RZ","0","0","0","0"
"0x78c83b30b370","      IMAD.WIDE R2, R2, R37, c[0x0][0x170]","0","0","0","0"
"0x78c83b30b380","      LDG.E R29, [R2.64]","0","0","0","0"
"0x78c83b30b390","      LDG.E R30, [R2.64+0x4]","0","0","0","0"
"0x78c83b30b3a0","      LDG.E R31, [R2.64+0x8]","0","0","0","0"
"0x78c83b30b3b0","      ISETP.NE.AND P0, PT, R21, RZ, PT","0","0","0","0"
"0x78c83b30b3c0","      BSSY B1, 0x78c83b30b5a0","0","0","0","0"
"0x78c83b30b3d0","      IMAD.MOV.U32 R40, RZ, RZ, 0x7f800000","0","0","0","0"
"0x78c83b30b3e0","      IMAD.MOV.U32 R38, RZ, RZ, 0x7f800000","0","0","0","0"
"0x78c83b30b3f0","      IMAD.MOV.U32 R35, RZ, RZ, 0x7f800000","0","0","0","0"
"0x78c83b30b400","      IMAD.MOV.U32 R33, RZ, RZ, R28","0","0","0","0"
"0x78c83b30b410","      IMAD.MOV.U32 R34, RZ, RZ, R28","0","0","0","0"
"0x78c83b30b420","@!P0  BRA 0x78c83b30b560","0","0","0","0"
"0x78c83b30b430","      ISETP.GE.AND P0, PT, R0, c[0x0][0x190], PT","0","0","0","0"
"0x78c83b30b440","      IMAD.MOV.U32 R32, RZ, RZ, RZ","0","0","0","0"
"0x78c83b30b450","      IMAD.MOV.U32 R36, RZ, RZ, R28","0","0","0","0"
"0x78c83b30b460","@P0   BRA 0x78c83b30b590","0","0","0","0"
"0x78c83b30b470","      IMAD R2, R28, c[0x0][0x190], R0","0","0","0","0"
"0x78c83b30b480","      IMAD.WIDE R4, R2, R37, c[0x0][0x160]","0","0","0","0"
"0x78c83b30b490","      IMAD.WIDE R2, R2, R37, c[0x0][0x168]","0","0","0","0"
"0x78c83b30b4a0","      LDG.E R33, [R4.64]","0","0","0","0"
"0x78c83b30b4b0","      LDG.E R40, [R2.64]","0","0","0","0"
"0x78c83b30b4c0","      ISETP.GE.AND P0, PT, R9, c[0x0][0x190], PT","0","0","0","0"
"0x78c83b30b4d0","      IMAD.MOV.U32 R36, RZ, RZ, R33","0","0","0","0"
"0x78c83b30b4e0","      IMAD.MOV.U32 R35, RZ, RZ, R40","0","0","0","0"
"0x78c83b30b4f0","@P0   BRA 0x78c83b30b590","0","0","0","0"
"0x78c83b30b500","      IMAD R4, R28, c[0x0][0x190], R9","0","0","0","0"
"0x78c83b30b510","      IMAD.WIDE R2, R4, R37, c[0x0][0x160]","0","0","0","0"
"0x78c83b30b520","      IMAD.WIDE R4, R4, R37, c[0x0][0x168]","0","0","0","0"
"0x78c83b30b530","      LDG.E R34, [R2.64]","0","0","0","0"
"0x78c83b30b540","      LDG.E R38, [R4.64]","0","0","0","0"
"0x78c83b30b550","      BRA 0x78c83b30b590","0","0","0","0"
"0x78c83b30b560","      IADD3 R32, R28, -c[0x0][0x190], -R25","0","0","0","0"
"0x78c83b30b570","      IMAD.MOV.U32 R36, RZ, RZ, R28","0","0","0","0"
"0x78c83b30b580","      IMNMX R32, RZ, R32, !PT","0","0","0","0"
"0x78c83b30b590","      BSYNC B1","0","0","0","0"
"0x78c83b30b5a0","      ISETP.GE.AND P0, PT, R26, 0x1, PT","0","0","0","0"
"0x78c83b30b5b0","      BSSY B2, 0x78c83b30ce80","0","0","0","0"
"0x78c83b30b5c0","@!P0  BRA 0x78c83b30ce70","0","0","0","0"
"0x78c83b30b5d0","      BSSY B1, 0x78c83b30ce50","0","0","0","0"
"0x78c83b30b5e0","      IMAD.MOV.U32 R5, RZ, RZ, RZ","0","0","0","0"
"0x78c83b30b5f0","      IMAD.MOV.U32 R37, RZ, RZ, R0","0","0","0","0"
"0x78c83b30b600","      ISETP.EQ.AND P0, PT, R10, RZ, PT","0","0","0","0"
"0x78c83b30b610","      IMAD.MOV.U32 R43, RZ, RZ, -0x1","0","0","0","0"
"0x78c83b30b620","      ISETP.EQ.AND P1, PT, R10, 0x4, PT","0","0","0","0"
"0x78c83b30b630","      ISETP.EQ.AND P2, PT, R10, 0x8, PT","0","0","0","0"
"0x78c83b30b640","      ISETP.EQ.AND P3, PT, R10, 0xc, PT","0","0","0","0"
"0x78c83b30b650","      IADD3 R5, R5, c[0x0][0x0], RZ","0","0","0","0"
"0x78c83b30b660","@P0   IMAD.MOV.U32 R49, RZ, RZ, R40","0","0","0","0"
"0x78c83b30b670","      ISETP.GE.AND P0, PT, R5, R26, PT","0","0","0","0"
"0x78c83b30b680","@P1   IMAD.MOV.U32 R49, RZ, RZ, R38","0","0","0","0"
"0x78c83b30b690","@P2   IMAD.MOV.U32 R49, RZ, RZ, R33","0","0","0","0"
"0x78c83b30b6a0","      P2R R48, PR, RZ, 0x1","0","0","0","0"
"0x78c83b30b6b0","@P3   IMAD.MOV.U32 R49, RZ, RZ, R34","0","0","0","0"
"0x78c83b30b6c0","      BRA.DIV ~URZ, 0x78c83b30d1c0","0","0","0","0"
"0x78c83b30b6d0","      SHFL.IDX PT, R46, R49, R8, R11","0","0","0","0"
"0x78c83b30b6e0","      ISETP.GE.AND P0, PT, R37, R26, PT","0","0","0","0"
"0x78c83b30b6f0","      BSSY B3, 0x78c83b30ba70","0","0","0","0"
"0x78c83b30b700","      IMAD.MOV.U32 R4, RZ, RZ, 0x1","0","0","0","0"
"0x78c83b30b710","      IMAD.MOV.U32 R38, RZ, RZ, 0x7f800000","0","0","0","0"
"0x78c83b30b720","      IMAD.MOV.U32 R47, RZ, RZ, 0x7f800000","0","0","0","0"
"0x78c83b30b730","      IMAD.MOV.U32 R45, RZ, RZ, 0x7f800000","0","0","0","0"
"0x78c83b30b740","      IMAD.MOV.U32 R39, RZ, RZ, R28","0","0","0","0"
"0x78c83b30b750","@P0   BRA 0x78c83b30ba60","0","0","0","0"
"0x78c83b30b760","      IABS R42, R26","0","0","0","0"
"0x78c83b30b770","      IMAD.IADD R4, R37, 0x1, R32","0","0","0","0"
"0x78c83b30b780","      IABS R45, R26","0","0","0","0"
"0x78c83b30b790","      IMAD.MOV.U32 R47, RZ, RZ, 0x7f800000","0","0","0","0"
"0x78c83b30b7a0","      I2F.RP R39, R42","0","0","0","0"
"0x78c83b30b7b0","      IADD3 R37, R37, c[0x0][0x0], RZ","0","0","0","0"
"0x78c83b30b7c0","      IABS R44, R4","0","0","0","0"
"0x78c83b30b7d0","      IMAD.MOV R45, RZ, RZ, -R45","0","0","0","0"
"0x78c83b30b7e0","      ISETP.GE.AND P2, PT, R4, RZ, PT","0","0","0","0"
"0x78c83b30b7f0","      MUFU.RCP R39, R39","0","0","0","0"
"0x78c83b30b800","      IADD3 R2, R39, 0xffffffe, RZ","0","0","0","0"
"0x78c83b30b810","      IMAD.MOV.U32 R39, RZ, RZ, R28","0","0","0","0"
"0x78c83b30b820","      F2I.FTZ.U32.TRUNC.NTZ R3, R2","0","0","0","0"
"0x78c83b30b830","      IMAD.MOV.U32 R2, RZ, RZ, RZ","0","0","0","0"
"0x78c83b30b840","      IMAD.MOV R41, RZ, RZ, -R3","0","0","0","0"
"0x78c83b30b850","      IMAD R41, R41, R42, RZ","0","0","0","0"
"0x78c83b30b860","      IMAD.HI.U32 R3, R3, R41, R2","0","0","0","0"
"0x78c83b30b870","      IMAD.MOV.U32 R2, RZ, RZ, R45","0","0","0","0"
"0x78c83b30b880","      IMAD.HI.U32 R3, R3, R44, RZ","0","0","0","0"
"0x78c83b30b890","      IMAD R3, R3, R2, R44","0","0","0","0"
"0x78c83b30b8a0","      IMAD.MOV.U32 R45, RZ, RZ, 0x7f800000","0","0","0","0"
"0x78c83b30b8b0","      ISETP.GT.U32.AND P0, PT, R42, R3, PT","0","0","0","0"
"0x78c83b30b8c0","@!P0  IMAD.IADD R3, R3, 0x1, -R42","0","0","0","0"
"0x78c83b30b8d0","      ISETP.NE.AND P0, PT, R26, RZ, PT","0","0","0","0"
"0x78c83b30b8e0","      ISETP.GT.U32.AND P1, PT, R42, R3, PT","0","0","0","0"
"0x78c83b30b8f0","@!P1  IMAD.IADD R3, R3, 0x1, -R42","0","0","0","0"
"0x78c83b30b900","      IMAD.MOV.U32 R41, RZ, RZ, R3","0","0","0","0"
"0x78c83b30b910","@!P2  IMAD.MOV R41, RZ, RZ, -R41","0","0","0","0"
"0x78c83b30b920","@!P0  LOP3.LUT R41, RZ, R26, RZ, 0x33, !PT","0","0","0","0"
"0x78c83b30b930","      IMAD R2, R41, 0xc, RZ","0","0","0","0"
"0x78c83b30b940","      LDS R3, [R2+0x4]","0","0","0","0"
"0x78c83b30b950","      LDS R4, [R2]","0","0","0","0"
"0x78c83b30b960","      LDS R42, [R2+0x8]","0","0","0","0"
"0x78c83b30b970","      FADD R3, -R30, R3","0","0","0","0"
"0x78c83b30b980","      FADD R4, -R29, R4","0","0","0","0"
"0x78c83b30b990","      FMUL R3, R3, R3","0","0","0","0"
"0x78c83b30b9a0","      FADD R42, -R31, R42","0","0","0","0"
"0x78c83b30b9b0","      FFMA R3, R4, R4, R3","0","0","0","0"
"0x78c83b30b9c0","      IMAD.MOV.U32 R4, RZ, RZ, 0x1","0","0","0","0"
"0x78c83b30b9d0","      FFMA R49, R42, R42, R3","0","0","0","0"
"0x78c83b30b9e0","      FSETP.GEU.AND P0, PT, R49, c[0x0][0x1a4], PT","0","0","0","0"
"0x78c83b30b9f0","      FSETP.GEU.OR P0, PT, R49, R46, P0","0","0","0","0"
"0x78c83b30ba00","@!P0  IADD3 R3, R41, c[0x0][0x198], RZ","0","0","0","0"
"0x78c83b30ba10","@!P0  IMAD.MOV.U32 R38, RZ, RZ, R49","0","0","0","0"
"0x78c83b30ba20","@!P0  PRMT R4, RZ, 0x7610, R4","0","0","0","0"
"0x78c83b30ba30","@!P0  IMAD.MOV.U32 R45, RZ, RZ, R49","0","0","0","0"
"0x78c83b30ba40","@!P0  LDS R39, [R3.X4]","0","0","0","0"
"0x78c83b30ba50","@!P0  IMAD.MOV.U32 R47, RZ, RZ, R49","0","0","0","0"
"0x78c83b30ba60","      BSYNC B3","0","0","0","0"
"0x78c83b30ba70","      BRA.CONV ~URZ, 0x78c83b30baa0","0","0","0","0"
"0x78c83b30ba80","      MOV R2, 0xea0","0","0","0","0"
"0x78c83b30ba90","      CALL.REL.NOINC 0x78c83b30f060","0","0","0","0"
"0x78c83b30baa0","      NOP","0","0","0","0"
"0x78c83b30bab0","      LOP3.LUT R49, R4, 0xffff, RZ, 0xc0, !PT","0","0","0","0"
"0x78c83b30bac0","      BRA.DIV ~URZ, 0x78c83b30d210","0","0","0","0"
"0x78c83b30bad0","      SHFL.IDX PT, R2, R49, R12, 0x1f","0","0","0","0"
"0x78c83b30bae0","      ISETP.NE.AND P0, PT, R2, RZ, PT","0","0","0","0"
"0x78c83b30baf0","      SEL R3, RZ, 0x1, !P0","0","0","0","0"
"0x78c83b30bb00","      LOP3.LUT R4, R4, R3, RZ, 0xc0, !PT","0","0","0","0"
"0x78c83b30bb10","      PRMT R3, R4, 0x9910, RZ","0","0","0","0"
"0x78c83b30bb20","      SHFL.IDX PT, R2, R4, R13, 0x1f","0","0","0","0"
"0x78c83b30bb30","      ISETP.NE.AND P0, PT, R2, RZ, PT","0","0","0","0"
"0x78c83b30bb40","      IMAD.MOV.U32 R2, RZ, RZ, R3","0","0","0","0"
"0x78c83b30bb50","      ISETP.NE.AND P0, PT, R2, RZ, P0","0","0","0","0"
"0x78c83b30bb60","      SEL R3, RZ, 0x1, !P0","0","0","0","0"
"0x78c83b30bb70","      SHFL.IDX PT, R3, R3, R14, 0x1f","0","0","0","0"
"0x78c83b30bb80","      ISETP.NE.AND P0, PT, R3, RZ, P0","0","0","0","0"
"0x78c83b30bb90","      SEL R2, RZ, 0x1, !P0","0","0","0","0"
"0x78c83b30bba0","      SHFL.IDX PT, R2, R2, R15, 0x1f","0","0","0","0"
"0x78c83b30bbb0","      ISETP.NE.AND P0, PT, R2, RZ, P0","0","0","0","0"
"0x78c83b30bbc0","      SEL R41, RZ, 0x1, !P0","0","0","0","0"
"0x78c83b30bbd0","      SHFL.IDX PT, R41, R41, R16, 0x1f","0","0","0","0"
"0x78c83b30bbe0","      ISETP.NE.AND P0, PT, R41, RZ, P0","0","0","0","0"
"0x78c83b30bbf0","      SEL R4, RZ, 0x1, !P0","0","0","0","0"
"0x78c83b30bc00","      SHFL.IDX PT, R4, R4, RZ, 0x1f","0","0","0","0"
"0x78c83b30bc10","      ISETP.NE.AND P0, PT, R4, RZ, PT","0","0","0","0"
"0x78c83b30bc20","      BSSY B3, 0x78c83b30ce10","0","0","0","0"
"0x78c83b30bc30","@P0   BRA 0x78c83b30ce00","0","0","0","0"
"0x78c83b30bc40","      LOP3.LUT P0, RZ, R0, 0x20, RZ, 0xc0, !PT","0","0","0","0"
"0x78c83b30bc50","      LOP3.LUT R4, R0, 0x10, RZ, 0x3c, !PT","0","0","0","0"
"0x78c83b30bc60","      LOP3.LUT R51, R0, 0x10, RZ, 0xc0, !PT","0","0","0","0"
"0x78c83b30bc70","      P2R R2, PR, RZ, 0x1","0","0","0","0"
"0x78c83b30bc80","      LOP3.LUT R40, R0, 0x8, RZ, 0x3c, !PT","0","0","0","0"
"0x78c83b30bc90","      LOP3.LUT R52, R0, 0x8, RZ, 0xc0, !PT","0","0","0","0"
"0x78c83b30bca0","      LOP3.LUT R41, R0, 0x4, RZ, 0x3c, !PT","0","0","0","0"
"0x78c83b30bcb0","      LOP3.LUT R53, R0, 0x4, RZ, 0xc0, !PT","0","0","0","0"
"0x78c83b30bcc0","      LOP3.LUT R42, R0, 0x2, RZ, 0x3c, !PT","0","0","0","0"
"0x78c83b30bcd0","      LOP3.LUT R54, R0, 0x1, RZ, 0xc0, !PT","0","0","0","0"
"0x78c83b30bce0","      LOP3.LUT R55, R0, 0x2, RZ, 0xc0, !PT","0","0","0","0"
"0x78c83b30bcf0","      LOP3.LUT R44, R0, 0x1, RZ, 0x3c, !PT","0","0","0","0"
"0x78c83b30bd00","      BRA.DIV ~URZ, 0x78c83b30d480","0","0","0","0"
"0x78c83b30bd10","      SHFL.IDX PT, R38, R47, R44, 0x1f","0","0","0","0"
"0x78c83b30bd20","      BRA.DIV ~URZ, 0x78c83b30d4f0","0","0","0","0"
"0x78c83b30bd30","      ISETP.NE.AND P1, PT, R55, RZ, PT","0","0","0","0"
"0x78c83b30bd40","      ISETP.NE.AND P0, PT, R54, RZ, PT","0","0","0","0"
"0x78c83b30bd50","      FSEL R2, R47, R38, !P1","0","0","0","0"
"0x78c83b30bd60","      FSEL R47, R38, R47, !P1","0","0","0","0"
"0x78c83b30bd70","      FSETP.GT.AND P3, PT, R2, R47, PT","0","0","0","0"
"0x78c83b30bd80","      FSETP.GEU.AND P2, PT, R2, R47, PT","0","0","0","0"
"0x78c83b30bd90","      SEL R2, RZ, 0xffffffff, !P3","0","0","0","0"
"0x78c83b30bda0","@!P0  SEL R2, RZ, 0xffffffff, P2","0","0","0","0"
"0x78c83b30bdb0","      LOP3.LUT R2, R2, 0x1, RZ, 0xc0, !PT","0","0","0","0"
"0x78c83b30bdc0","      ISETP.NE.U32.AND P2, PT, R2, 0x1, PT","0","0","0","0"
"0x78c83b30bdd0","      SEL R2, RZ, 0xffffffff, P2","0","0","0","0"
"0x78c83b30bde0","      ISETP.NE.AND P2, PT, R53, RZ, PT","0","0","0","0"
"0x78c83b30bdf0","      LOP3.LUT R43, R45, R2, R38, 0xb8, !PT","0","0","0","0"
"0x78c83b30be00","      SHFL.IDX PT, R38, R43, R42, 0x1f","0","0","0","0"
"0x78c83b30be10","      FSEL R3, R43, R38, !P2","0","0","0","0"
"0x78c83b30be20","      FSEL R46, R38, R43, !P2","0","0","0","0"
"0x78c83b30be30","      FSETP.GT.AND P3, PT, R3, R46, PT","0","0","0","0"
"0x78c83b30be40","      FSETP.GEU.AND P4, PT, R3, R46, PT","0","0","0","0"
"0x78c83b30be50","      SEL R3, RZ, 0xffffffff, !P3","0","0","0","0"
"0x78c83b30be60","@!P1  SEL R3, RZ, 0xffffffff, P4","0","0","0","0"
"0x78c83b30be70","      LOP3.LUT R3, R3, 0x1, RZ, 0xc0, !PT","0","0","0","0"
"0x78c83b30be80","      ISETP.NE.U32.AND P3, PT, R3, 0x1, PT","0","0","0","0"
"0x78c83b30be90","      SEL R3, RZ, 0xffffffff, P3","0","0","0","0"
"0x78c83b30bea0","      LOP3.LUT R43, R43, R3, R38, 0xb8, !PT","0","0","0","0"
"0x78c83b30beb0","      SHFL.IDX PT, R46, R43, R44, 0x1f","0","0","0","0"
"0x78c83b30bec0","      FSEL R38, R43, R46, !P2","0","0","0","0"
"0x78c83b30bed0","      FSEL R45, R46, R43, !P2","0","0","0","0"
"0x78c83b30bee0","      FSETP.GT.AND P3, PT, R38, R45, PT","0","0","0","0"
"0x78c83b30bef0","      FSETP.GEU.AND P4, PT, R38, R45, PT","0","0","0","0"
"0x78c83b30bf00","      SEL R38, RZ, 0xffffffff, !P3","0","0","0","0"
"0x78c83b30bf10","@!P0  SEL R38, RZ, 0xffffffff, P4","0","0","0","0"
"0x78c83b30bf20","      ISETP.NE.AND P4, PT, R52, RZ, PT","0","0","0","0"
"0x78c83b30bf30","      LOP3.LUT R38, R38, 0x1, RZ, 0xc0, !PT","0","0","0","0"
"0x78c83b30bf40","      ISETP.NE.U32.AND P3, PT, R38, 0x1, PT","0","0","0","0"
"0x78c83b30bf50","      SEL R38, RZ, 0xffffffff, P3","0","0","0","0"
"0x78c83b30bf60","      LOP3.LUT R46, R43, R38, R46, 0xb8, !PT","0","0","0","0"
"0x78c83b30bf70","      SHFL.IDX PT, R45, R46, R41, 0x1f","0","0","0","0"
"0x78c83b30bf80","      FSEL R43, R46, R45, !P4","0","0","0","0"
"0x78c83b30bf90","      FSEL R50, R45, R46, !P4","0","0","0","0"
"0x78c83b30bfa0","      FSETP.GT.AND P3, PT, R43, R50, PT","0","0","0","0"
"0x78c83b30bfb0","      SEL R47, RZ, 0xffffffff, !P3","0","0","0","0"
"0x78c83b30bfc0","      FSETP.GEU.AND P3, PT, R43, R50, PT","0","0","0","0"
"0x78c83b30bfd0","@!P2  SEL R47, RZ, 0xffffffff, P3","0","0","0","0"
"0x78c83b30bfe0","      LOP3.LUT R47, R47, 0x1, RZ, 0xc0, !PT","0","0","0","0"
"0x78c83b30bff0","      ISETP.NE.U32.AND P3, PT, R47, 0x1, PT","0","0","0","0"
"0x78c83b30c000","      SEL R43, RZ, 0xffffffff, P3","0","0","0","0"
"0x78c83b30c010","      LOP3.LUT R46, R46, R43, R45, 0xb8, !PT","0","0","0","0"
"0x78c83b30c020","      SHFL.IDX PT, R47, R46, R42, 0x1f","0","0","0","0"
"0x78c83b30c030","      FSEL R45, R46, R47, !P4","0","0","0","0"
"0x78c83b30c040","      FSEL R50, R47, R46, !P4","0","0","0","0"
"0x78c83b30c050","      FSETP.GT.AND P3, PT, R45, R50, PT","0","0","0","0"
"0x78c83b30c060","      SEL R49, RZ, 0xffffffff, !P3","0","0","0","0"
"0x78c83b30c070","      FSETP.GEU.AND P3, PT, R45, R50, PT","0","0","0","0"
"0x78c83b30c080","@!P1  SEL R49, RZ, 0xffffffff, P3","0","0","0","0"
"0x78c83b30c090","      LOP3.LUT R49, R49, 0x1, RZ, 0xc0, !PT","0","0","0","0"
"0x78c83b30c0a0","      ISETP.NE.U32.AND P3, PT, R49, 0x1, PT","0","0","0","0"
"0x78c83b30c0b0","      SEL R45, RZ, 0xffffffff, P3","0","0","0","0"
"0x78c83b30c0c0","      LOP3.LUT R49, R46, R45, R47, 0xb8, !PT","0","0","0","0"
"0x78c83b30c0d0","      SHFL.IDX PT, R46, R49, R44, 0x1f","0","0","0","0"
"0x78c83b30c0e0","      FSEL R47, R49, R46, !P4","0","0","0","0"
"0x78c83b30c0f0","      FSEL R50, R46, R49, !P4","0","0","0","0"
"0x78c83b30c100","      FSETP.GT.AND P3, PT, R47, R50, PT","0","0","0","0"
"0x78c83b30c110","      FSETP.GEU.AND P5, PT, R47, R50, PT","0","0","0","0"
"0x78c83b30c120","      SEL R47, RZ, 0xffffffff, !P3","0","0","0","0"
"0x78c83b30c130","@!P0  SEL R47, RZ, 0xffffffff, P5","0","0","0","0"
"0x78c83b30c140","      LOP3.LUT R47, R47, 0x1, RZ, 0xc0, !PT","0","0","0","0"
"0x78c83b30c150","      ISETP.NE.U32.AND P3, PT, R47, 0x1, PT","0","0","0","0"
"0x78c83b30c160","      SEL R47, RZ, 0xffffffff, P3","0","0","0","0"
"0x78c83b30c170","      ISETP.NE.AND P3, PT, R51, RZ, PT","0","0","0","0"
"0x78c83b30c180","      LOP3.LUT R53, R49, R47, R46, 0xb8, !PT","0","0","0","0"
"0x78c83b30c190","      SHFL.IDX PT, R50, R53, R40, 0x1f","0","0","0","0"
"0x78c83b30c1a0","      FSEL R46, R53, R50, !P3","0","0","0","0"
"0x78c83b30c1b0","      FSEL R49, R50, R53, !P3","0","0","0","0"
"0x78c83b30c1c0","      FSETP.GT.AND P5, PT, R46, R49, PT","0","0","0","0"
"0x78c83b30c1d0","      FSETP.GEU.AND P6, PT, R46, R49, PT","0","0","0","0"
"0x78c83b30c1e0","      SEL R46, RZ, 0xffffffff, !P5","0","0","0","0"
"0x78c83b30c1f0","      SHFL.IDX PT, R49, R39, R44, 0x1f","0","0","0","0"
"0x78c83b30c200","@!P4  SEL R46, RZ, 0xffffffff, P6","0","0","0","0"
"0x78c83b30c210","      LOP3.LUT R46, R46, 0x1, RZ, 0xc0, !PT","0","0","0","0"
"0x78c83b30c220","      ISETP.NE.U32.AND P5, PT, R46, 0x1, PT","0","0","0","0"
"0x78c83b30c230","      SEL R46, RZ, 0xffffffff, P5","0","0","0","0"
"0x78c83b30c240","      LOP3.LUT R53, R53, R46, R50, 0xb8, !PT","0","0","0","0"
"0x78c83b30c250","      SHFL.IDX PT, R52, R53, R41, 0x1f","0","0","0","0"
"0x78c83b30c260","      LOP3.LUT R49, R39, R2, R49, 0xb8, !PT","0","0","0","0"
"0x78c83b30c270","      SHFL.IDX PT, R50, R49, R42, 0x1f","0","0","0","0"
"0x78c83b30c280","      FSEL R2, R53, R52, !P3","0","0","0","0"
"0x78c83b30c290","      FSEL R51, R52, R53, !P3","0","0","0","0"
"0x78c83b30c2a0","      FSETP.GT.AND P5, PT, R2, R51, PT","0","0","0","0"
"0x78c83b30c2b0","      FSETP.GEU.AND P6, PT, R2, R51, PT","0","0","0","0"
"0x78c83b30c2c0","      SEL R2, RZ, 0xffffffff, !P5","0","0","0","0"
"0x78c83b30c2d0","@!P2  SEL R2, RZ, 0xffffffff, P6","0","0","0","0"
"0x78c83b30c2e0","      LOP3.LUT R39, R49, R3, R50, 0xb8, !PT","0","0","0","0"
"0x78c83b30c2f0","      LOP3.LUT R2, R2, 0x1, RZ, 0xc0, !PT","0","0","0","0"
"0x78c83b30c300","      SHFL.IDX PT, R49, R39, R44, 0x1f","0","0","0","0"
"0x78c83b30c310","      ISETP.NE.U32.AND P5, PT, R2, 0x1, PT","0","0","0","0"
"0x78c83b30c320","      SEL R2, RZ, 0xffffffff, P5","0","0","0","0"
"0x78c83b30c330","      LOP3.LUT R52, R53, R2, R52, 0xb8, !PT","0","0","0","0"
"0x78c83b30c340","      SHFL.IDX PT, R51, R52, R42, 0x1f","0","0","0","0"
"0x78c83b30c350","      LOP3.LUT R38, R39, R38, R49, 0xb8, !PT","0","0","0","0"
"0x78c83b30c360","      FSEL R3, R52, R51, !P3","0","0","0","0"
"0x78c83b30c370","      FSEL R50, R51, R52, !P3","0","0","0","0"
"0x78c83b30c380","      FSETP.GT.AND P5, PT, R3, R50, PT","0","0","0","0"
"0x78c83b30c390","      FSETP.GEU.AND P6, PT, R3, R50, PT","0","0","0","0"
"0x78c83b30c3a0","      SEL R3, RZ, 0xffffffff, !P5","0","0","0","0"
"0x78c83b30c3b0","@!P1  SEL R3, RZ, 0xffffffff, P6","0","0","0","0"
"0x78c83b30c3c0","      LOP3.LUT R3, R3, 0x1, RZ, 0xc0, !PT","0","0","0","0"
"0x78c83b30c3d0","      ISETP.NE.U32.AND P5, PT, R3, 0x1, PT","0","0","0","0"
"0x78c83b30c3e0","      SEL R3, RZ, 0xffffffff, P5","0","0","0","0"
"0x78c83b30c3f0","      LOP3.LUT R51, R52, R3, R51, 0xb8, !PT","0","0","0","0"
"0x78c83b30c400","      SHFL.IDX PT, R50, R51, R44, 0x1f","0","0","0","0"
"0x78c83b30c410","      FSEL R49, R51, R50, !P3","0","0","0","0"
"0x78c83b30c420","      FSEL R52, R50, R51, !P3","0","0","0","0"
"0x78c83b30c430","      FSETP.GT.AND P5, PT, R49, R52, PT","0","0","0","0"
"0x78c83b30c440","      FSETP.GEU.AND P6, PT, R49, R52, PT","0","0","0","0"
"0x78c83b30c450","      SEL R49, RZ, 0xffffffff, !P5","0","0","0","0"
"0x78c83b30c460","@!P0  SEL R49, RZ, 0xffffffff, P6","0","0","0","0"
"0x78c83b30c470","      LOP3.LUT P6, RZ, R0, 0x20, RZ, 0xc0, !PT","0","0","0","0"
"0x78c83b30c480","      LOP3.LUT R49, R49, 0x1, RZ, 0xc0, !PT","0","0","0","0"
"0x78c83b30c490","      ISETP.NE.U32.AND P5, PT, R49, 0x1, PT","0","0","0","0"
"0x78c83b30c4a0","      SHFL.IDX PT, R49, R38, R41, 0x1f","0","0","0","0"
"0x78c83b30c4b0","      SEL R39, RZ, 0xffffffff, P5","0","0","0","0"
"0x78c83b30c4c0","      LOP3.LUT R50, R51, R39, R50, 0xb8, !PT","0","0","0","0"
"0x78c83b30c4d0","      SHFL.IDX PT, R51, R50, R4, 0x1f","0","0","0","0"
"0x78c83b30c4e0","      LOP3.LUT R49, R38, R43, R49, 0xb8, !PT","0","0","0","0"
"0x78c83b30c4f0","      SHFL.IDX PT, R38, R49, R42, 0x1f","0","0","0","0"
"0x78c83b30c500","      FSEL R43, R50, R51, !P6","0","0","0","0"
"0x78c83b30c510","      FSEL R52, R51, R50, !P6","0","0","0","0"
"0x78c83b30c520","      FSETP.GT.AND P5, PT, R43, R52, PT","0","0","0","0"
"0x78c83b30c530","      FSETP.GEU.AND P6, PT, R43, R52, PT","0","0","0","0"
"0x78c83b30c540","      SEL R43, RZ, 0xffffffff, !P5","0","0","0","0"
"0x78c83b30c550","@!P3  SEL R43, RZ, 0xffffffff, P6","0","0","0","0"
"0x78c83b30c560","      LOP3.LUT P6, RZ, R0, 0x20, RZ, 0xc0, !PT","0","0","0","0"
"0x78c83b30c570","      LOP3.LUT R43, R43, 0x1, RZ, 0xc0, !PT","0","0","0","0"
"0x78c83b30c580","      LOP3.LUT R38, R49, R45, R38, 0xb8, !PT","0","0","0","0"
"0x78c83b30c590","      ISETP.NE.U32.AND P5, PT, R43, 0x1, PT","0","0","0","0"
"0x78c83b30c5a0","      SHFL.IDX PT, R49, R38, R44, 0x1f","0","0","0","0"
"0x78c83b30c5b0","      SEL R43, RZ, 0xffffffff, P5","0","0","0","0"
"0x78c83b30c5c0","      LOP3.LUT R50, R50, R43, R51, 0xb8, !PT","0","0","0","0"
"0x78c83b30c5d0","      SHFL.IDX PT, R51, R50, R40, 0x1f","0","0","0","0"
"0x78c83b30c5e0","      LOP3.LUT R49, R38, R47, R49, 0xb8, !PT","0","0","0","0"
"0x78c83b30c5f0","      SHFL.IDX PT, R38, R49, R40, 0x1f","0","0","0","0"
"0x78c83b30c600","      FSEL R45, R50, R51, !P6","0","0","0","0"
"0x78c83b30c610","      FSEL R52, R51, R50, !P6","0","0","0","0"
"0x78c83b30c620","      FSETP.GT.AND P5, PT, R45, R52, PT","0","0","0","0"
"0x78c83b30c630","      FSETP.GEU.AND P6, PT, R45, R52, PT","0","0","0","0"
"0x78c83b30c640","      SEL R45, RZ, 0xffffffff, !P5","0","0","0","0"
"0x78c83b30c650","@!P4  SEL R45, RZ, 0xffffffff, P6","0","0","0","0"
"0x78c83b30c660","      LOP3.LUT P6, RZ, R0, 0x20, RZ, 0xc0, !PT","0","0","0","0"
"0x78c83b30c670","      LOP3.LUT R45, R45, 0x1, RZ, 0xc0, !PT","0","0","0","0"
"0x78c83b30c680","      LOP3.LUT R38, R49, R46, R38, 0xb8, !PT","0","0","0","0"
"0x78c83b30c690","      ISETP.NE.U32.AND P5, PT, R45, 0x1, PT","0","0","0","0"
"0x78c83b30c6a0","      SHFL.IDX PT, R49, R38, R41, 0x1f","0","0","0","0"
"0x78c83b30c6b0","      SEL R45, RZ, 0xffffffff, P5","0","0","0","0"
"0x78c83b30c6c0","      LOP3.LUT R50, R50, R45, R51, 0xb8, !PT","0","0","0","0"
"0x78c83b30c6d0","      SHFL.IDX PT, R51, R50, R41, 0x1f","0","0","0","0"
"0x78c83b30c6e0","      LOP3.LUT R49, R38, R2, R49, 0xb8, !PT","0","0","0","0"
"0x78c83b30c6f0","      SHFL.IDX PT, R2, R49, R42, 0x1f","0","0","0","0"
"0x78c83b30c700","      FSEL R47, R50, R51, !P6","0","0","0","0"
"0x78c83b30c710","      FSEL R52, R51, R50, !P6","0","0","0","0"
"0x78c83b30c720","      FSETP.GT.AND P5, PT, R47, R52, PT","0","0","0","0"
"0x78c83b30c730","      FSETP.GEU.AND P6, PT, R47, R52, PT","0","0","0","0"
"0x78c83b30c740","      SEL R47, RZ, 0xffffffff, !P5","0","0","0","0"
"0x78c83b30c750","@!P2  SEL R47, RZ, 0xffffffff, P6","0","0","0","0"
"0x78c83b30c760","      LOP3.LUT P6, RZ, R0, 0x20, RZ, 0xc0, !PT","0","0","0","0"
"0x78c83b30c770","      LOP3.LUT R47, R47, 0x1, RZ, 0xc0, !PT","0","0","0","0"
"0x78c83b30c780","      LOP3.LUT R3, R49, R3, R2, 0xb8, !PT","0","0","0","0"
"0x78c83b30c790","      ISETP.NE.U32.AND P5, PT, R47, 0x1, PT","0","0","0","0"
"0x78c83b30c7a0","      SEL R47, RZ, 0xffffffff, P5","0","0","0","0"
"0x78c83b30c7b0","      LOP3.LUT R51, R50, R47, R51, 0xb8, !PT","0","0","0","0"
"0x78c83b30c7c0","      SHFL.IDX PT, R50, R51, R42, 0x1f","0","0","0","0"
"0x78c83b30c7d0","      FSEL R46, R51, R50, !P6","0","0","0","0"
"0x78c83b30c7e0","      FSEL R53, R50, R51, !P6","0","0","0","0"
"0x78c83b30c7f0","      FSETP.GT.AND P5, PT, R46, R53, PT","0","0","0","0"
"0x78c83b30c800","      FSETP.GEU.AND P6, PT, R46, R53, PT","0","0","0","0"
"0x78c83b30c810","      SEL R46, RZ, 0xffffffff, !P5","0","0","0","0"
"0x78c83b30c820","@!P1  SEL R46, RZ, 0xffffffff, P6","0","0","0","0"
"0x78c83b30c830","      LOP3.LUT P6, RZ, R0, 0x20, RZ, 0xc0, !PT","0","0","0","0"
"0x78c83b30c840","      LOP3.LUT R46, R46, 0x1, RZ, 0xc0, !PT","0","0","0","0"
"0x78c83b30c850","      ISETP.NE.U32.AND P5, PT, R46, 0x1, PT","0","0","0","0"
"0x78c83b30c860","      SEL R46, RZ, 0xffffffff, P5","0","0","0","0"
"0x78c83b30c870","      LOP3.LUT R51, R51, R46, R50, 0xb8, !PT","0","0","0","0"
"0x78c83b30c880","      SHFL.IDX PT, R50, R51, R44, 0x1f","0","0","0","0"
"0x78c83b30c890","      FSEL R2, R50, R51, !P6","0","0","0","0"
"0x78c83b30c8a0","      FSEL R53, R51, R50, !P6","0","0","0","0"
"0x78c83b30c8b0","      FSETP.GEU.AND P5, PT, R2, R53, PT","0","0","0","0"
"0x78c83b30c8c0","      SEL R52, RZ, 0xffffffff, P5","0","0","0","0"
"0x78c83b30c8d0","      FSETP.GT.AND P5, PT, R2, R53, PT","0","0","0","0"
"0x78c83b30c8e0","@!P0  SEL R52, RZ, 0xffffffff, !P5","0","0","0","0"
"0x78c83b30c8f0","      LOP3.LUT R52, R52, 0x1, RZ, 0xc0, !PT","0","0","0","0"
"0x78c83b30c900","      ISETP.NE.U32.AND P5, PT, R52, 0x1, PT","0","0","0","0"
"0x78c83b30c910","      SEL R2, RZ, 0xffffffff, P5","0","0","0","0"
"0x78c83b30c920","      LOP3.LUT R38, R51, R2, R50, 0xb8, !PT","0","0","0","0"
"0x78c83b30c930","      FSETP.GT.AND P5, PT, R35, R38, PT","0","0","0","0"
"0x78c83b30c940","      LOP3.LUT R49, R38, R35, RZ, 0x3c, !PT","0","0","0","0"
"0x78c83b30c950","      SEL R50, R49, RZ, P5","0","0","0","0"
"0x78c83b30c960","      LOP3.LUT R49, R50, R35, RZ, 0x3c, !PT","0","0","0","0"
"0x78c83b30c970","      SHFL.IDX PT, R50, R3, R44, 0x1f","0","0","0","0"
"0x78c83b30c980","      SHFL.IDX PT, R54, R49, R4, 0x1f","0","0","0","0"
"0x78c83b30c990","      LOP3.LUT R50, R3, R39, R50, 0xb8, !PT","0","0","0","0"
"0x78c83b30c9a0","      FSETP.GEU.AND P6, PT, R49, R54, PT","0","0","0","0"
"0x78c83b30c9b0","      SHFL.IDX PT, R35, R50, R4, 0x1f","0","0","0","0"
"0x78c83b30c9c0","      SEL R51, RZ, 0xffffffff, P6","0","0","0","0"
"0x78c83b30c9d0","      FSETP.GT.AND P6, PT, R49, R54, PT","0","0","0","0"
"0x78c83b30c9e0","@!P3  SEL R51, RZ, 0xffffffff, !P6","0","0","0","0"
"0x78c83b30c9f0","      LOP3.LUT R51, R51, 0x1, RZ, 0xc0, !PT","0","0","0","0"
"0x78c83b30ca00","      ISETP.NE.U32.AND P3, PT, R51, 0x1, PT","0","0","0","0"
"0x78c83b30ca10","      LOP3.LUT R35, R50, R43, R35, 0xb8, !PT","0","0","0","0"
"0x78c83b30ca20","      SHFL.IDX PT, R52, R35, R40, 0x1f","0","0","0","0"
"0x78c83b30ca30","      LOP3.LUT R52, R35, R45, R52, 0xb8, !PT","0","0","0","0"
"0x78c83b30ca40","      SEL R45, RZ, 0xffffffff, P3","0","0","0","0"
"0x78c83b30ca50","      SHFL.IDX PT, R39, R52, R41, 0x1f","0","0","0","0"
"0x78c83b30ca60","      LOP3.LUT R49, R49, R45, R54, 0xb8, !PT","0","0","0","0"
"0x78c83b30ca70","      SHFL.IDX PT, R50, R49, R40, 0x1f","0","0","0","0"
"0x78c83b30ca80","      LOP3.LUT R39, R52, R47, R39, 0xb8, !PT","0","0","0","0"
"0x78c83b30ca90","      SHFL.IDX PT, R43, R39, R42, 0x1f","0","0","0","0"
"0x78c83b30caa0","      FSETP.GEU.AND P3, PT, R49, R50, PT","0","0","0","0"
"0x78c83b30cab0","      SEL R35, RZ, 0xffffffff, P3","0","0","0","0"
"0x78c83b30cac0","      FSETP.GT.AND P3, PT, R49, R50, PT","0","0","0","0"
"0x78c83b30cad0","@!P4  SEL R35, RZ, 0xffffffff, !P3","0","0","0","0"
"0x78c83b30cae0","      LOP3.LUT R35, R35, 0x1, RZ, 0xc0, !PT","0","0","0","0"
"0x78c83b30caf0","      ISETP.NE.U32.AND P3, PT, R35, 0x1, PT","0","0","0","0"
"0x78c83b30cb00","      LOP3.LUT R43, R39, R46, R43, 0xb8, !PT","0","0","0","0"
"0x78c83b30cb10","      SHFL.IDX PT, R3, R43, R44, 0x1f","0","0","0","0"
"0x78c83b30cb20","      LOP3.LUT R39, R43, R2, R3, 0xb8, !PT","0","0","0","0"
"0x78c83b30cb30","      LOP3.LUT R2, R39, R36, RZ, 0x3c, !PT","0","0","0","0"
"0x78c83b30cb40","      SEL R3, R2, RZ, P5","0","0","0","0"
"0x78c83b30cb50","      SEL R2, RZ, 0xffffffff, P3","0","0","0","0"
"0x78c83b30cb60","      LOP3.LUT R3, R3, R36, RZ, 0x3c, !PT","0","0","0","0"
"0x78c83b30cb70","      LOP3.LUT R50, R49, R2, R50, 0xb8, !PT","0","0","0","0"
"0x78c83b30cb80","      SHFL.IDX PT, R4, R3, R4, 0x1f","0","0","0","0"
"0x78c83b30cb90","      SHFL.IDX PT, R35, R50, R41, 0x1f","0","0","0","0"
"0x78c83b30cba0","      LOP3.LUT R45, R3, R45, R4, 0xb8, !PT","0","0","0","0"
"0x78c83b30cbb0","      FSETP.GEU.AND P4, PT, R50, R35, PT","0","0","0","0"
"0x78c83b30cbc0","      SHFL.IDX PT, R40, R45, R40, 0x1f","0","0","0","0"
"0x78c83b30cbd0","      FSETP.GT.AND P3, PT, R50, R35, PT","0","0","0","0"
"0x78c83b30cbe0","      SEL R36, RZ, 0xffffffff, P4","0","0","0","0"
"0x78c83b30cbf0","@!P2  SEL R36, RZ, 0xffffffff, !P3","0","0","0","0"
"0x78c83b30cc00","      LOP3.LUT R36, R36, 0x1, RZ, 0xc0, !PT","0","0","0","0"
"0x78c83b30cc10","      ISETP.NE.U32.AND P2, PT, R36, 0x1, PT","0","0","0","0"
"0x78c83b30cc20","      SEL R36, RZ, 0xffffffff, P2","0","0","0","0"
"0x78c83b30cc30","      LOP3.LUT R35, R50, R36, R35, 0xb8, !PT","0","0","0","0"
"0x78c83b30cc40","      LOP3.LUT R2, R45, R2, R40, 0xb8, !PT","0","0","0","0"
"0x78c83b30cc50","      SHFL.IDX PT, R4, R35, R42, 0x1f","0","0","0","0"
"0x78c83b30cc60","      SHFL.IDX PT, R41, R2, R41, 0x1f","0","0","0","0"
"0x78c83b30cc70","      FSETP.GEU.AND P3, PT, R35, R4, PT","0","0","0","0"
"0x78c83b30cc80","      FSETP.GT.AND P2, PT, R35, R4, PT","0","0","0","0"
"0x78c83b30cc90","      LOP3.LUT R3, R2, R36, R41, 0xb8, !PT","0","0","0","0"
"0x78c83b30cca0","      SEL R40, RZ, 0xffffffff, P3","0","0","0","0"
"0x78c83b30ccb0","@!P1  SEL R40, RZ, 0xffffffff, !P2","0","0","0","0"
"0x78c83b30ccc0","      SHFL.IDX PT, R36, R3, R42, 0x1f","0","0","0","0"
"0x78c83b30ccd0","      LOP3.LUT R40, R40, 0x1, RZ, 0xc0, !PT","0","0","0","0"
"0x78c83b30cce0","      ISETP.NE.U32.AND P1, PT, R40, 0x1, PT","0","0","0","0"
"0x78c83b30ccf0","      SEL R40, RZ, 0xffffffff, P1","0","0","0","0"
"0x78c83b30cd00","      PLOP3.LUT P1, PT, P0, PT, PT, 0x8, 0x0","0","0","0","0"
"0x78c83b30cd10","      LOP3.LUT R35, R35, R40, R4, 0xb8, !PT","0","0","0","0"
"0x78c83b30cd20","      SHFL.IDX PT, R4, R35, R44, 0x1f","0","0","0","0"
"0x78c83b30cd30","      LOP3.LUT R41, R3, R40, R36, 0xb8, !PT","0","0","0","0"
"0x78c83b30cd40","      SHFL.IDX PT, R46, R41, R44, 0x1f","0","0","0","0"
"0x78c83b30cd50","      IMAD.MOV.U32 R36, RZ, RZ, R4","0","0","0","0"
"0x78c83b30cd60","      FSETP.GEU.AND P2, PT, R35, R36, PT","0","0","0","0"
"0x78c83b30cd70","      FSETP.GT.AND P0, PT, R35, R36, PT","0","0","0","0"
"0x78c83b30cd80","      SEL R2, RZ, 0xffffffff, P2","0","0","0","0"
"0x78c83b30cd90","@P1   SEL R2, RZ, 0xffffffff, !P0","0","0","0","0"
"0x78c83b30cda0","      LOP3.LUT R2, R2, 0x1, RZ, 0xc0, !PT","0","0","0","0"
"0x78c83b30cdb0","      ISETP.NE.U32.AND P0, PT, R2, 0x1, PT","0","0","0","0"
"0x78c83b30cdc0","      SEL R36, RZ, 0xffffffff, P0","0","0","0","0"
"0x78c83b30cdd0","      LOP3.LUT R40, R35, R36, R4, 0xb8, !PT","0","0","0","0"
"0x78c83b30cde0","      LOP3.LUT R36, R41, R36, R46, 0xb8, !PT","0","0","0","0"
"0x78c83b30cdf0","      IMAD.MOV.U32 R35, RZ, RZ, R40","0","0","0","0"
"0x78c83b30ce00","      BSYNC B3","0","0","0","0"
"0x78c83b30ce10","      ISETP.NE.AND P0, PT, R48, RZ, PT","0","0","0","0"
"0x78c83b30ce20","@P0   CALL.REL.NOINC 0x78c83b30ce40","0","0","0","0"
"0x78c83b30ce30","      BRA 0x78c83b30b600","0","0","0","0"
"0x78c83b30ce40","      BSYNC B1","0","0","0","0"
"0x78c83b30ce50","      IMAD.MOV.U32 R33, RZ, RZ, R36","0","0","0","0"
"0x78c83b30ce60","      IMAD.MOV.U32 R34, RZ, RZ, R39","0","0","0","0"
"0x78c83b30ce70","      BSYNC B2","0","0","0","0"
"0x78c83b30ce80","      S2R R2, SR_TID.Y","0","0","0","0"
"0x78c83b30ce90","      ISETP.GE.AND P0, PT, R0, c[0x0][0x190], PT","0","0","0","0"
"0x78c83b30cea0","      BSSY B1, 0x78c83b30d090","0","0","0","0"
"0x78c83b30ceb0","      IMAD.IADD R3, R2, 0x1, R27","0","0","0","0"
"0x78c83b30cec0","      ISETP.GE.U32.OR P0, PT, R3, R24, P0","0","0","0","0"
"0x78c83b30ced0","@P0   BRA 0x78c83b30d080","0","0","0","0"
"0x78c83b30cee0","      IMAD.MOV.U32 R29, RZ, RZ, R0","0","0","0","0"
"0x78c83b30cef0","      IMAD.MOV.U32 R37, RZ, RZ, 0x4","0","0","0","0"
"0x78c83b30cf00","      SHF.R.S32.HI R2, RZ, 0x5, R29","0","0","0","0"
"0x78c83b30cf10","      IMAD R4, R28, c[0x0][0x190], R29","0","0","0","0"
"0x78c83b30cf20","      IADD3 R29, R29, c[0x0][0x0], RZ","0","0","0","0"
"0x78c83b30cf30","      IMAD.SHL.U32 R2, R2, 0x4, RZ","0","0","0","0"
"0x78c83b30cf40","      ISETP.EQ.AND P0, PT, R2, -0x8, PT","0","0","0","0"
"0x78c83b30cf50","      ISETP.EQ.AND P2, PT, R2, RZ, PT","0","0","0","0"
"0x78c83b30cf60","      ISETP.EQ.AND P1, PT, R2, -0x4, PT","0","0","0","0"
"0x78c83b30cf70","      ISETP.EQ.AND P3, PT, R2, 0x4, PT","0","0","0","0"
"0x78c83b30cf80","      ISETP.EQ.AND P4, PT, R2, 0x8, PT","0","0","0","0"
"0x78c83b30cf90","      ISETP.EQ.AND P5, PT, R2, 0xc, PT","0","0","0","0"
"0x78c83b30cfa0","      IMAD.WIDE R2, R4, R37, c[0x0][0x160]","0","0","0","0"
"0x78c83b30cfb0","@P0   IMAD.MOV.U32 R31, RZ, RZ, R40","0","0","0","0"
"0x78c83b30cfc0","      ISETP.GE.AND P0, PT, R29, c[0x0][0x190], PT","0","0","0","0"
"0x78c83b30cfd0","@P2   IMAD.MOV.U32 R35, RZ, RZ, R40","0","0","0","0"
"0x78c83b30cfe0","@P1   IMAD.MOV.U32 R31, RZ, RZ, R38","0","0","0","0"
"0x78c83b30cff0","@P3   IMAD.MOV.U32 R35, RZ, RZ, R38","0","0","0","0"
"0x78c83b30d000","@P2   IMAD.MOV.U32 R31, RZ, RZ, R33","0","0","0","0"
"0x78c83b30d010","@P4   IMAD.MOV.U32 R35, RZ, RZ, R33","0","0","0","0"
"0x78c83b30d020","@P3   IMAD.MOV.U32 R31, RZ, RZ, R34","0","0","0","0"
"0x78c83b30d030","      IMAD.WIDE R4, R4, R37, c[0x0][0x168]","0","0","0","0"
"0x78c83b30d040","      STG.E [R2.64], R31","0","0","0","0"
"0x78c83b30d050","@P5   IMAD.MOV.U32 R35, RZ, RZ, R34","0","0","0","0"
"0x78c83b30d060","      STG.E [R4.64], R35","0","0","0","0"
"0x78c83b30d070","@!P0  BRA 0x78c83b30cf00","0","0","0","0"
"0x78c83b30d080","      BSYNC B1","0","0","0","0"
"0x78c83b30d090","      IADD3 R27, R27, c[0x0][0x4], RZ","0","0","0","0"
"0x78c83b30d0a0","      ISETP.GE.AND P0, PT, R27, R24, PT","0","0","0","0"
"0x78c83b30d0b0","@P0   CALL.REL.NOINC 0x78c83b30d0d0","0","0","0","0"
"0x78c83b30d0c0","      BRA 0x78c83b30b310","0","0","0","0"
"0x78c83b30d0d0","      BSYNC B0","0","0","0","0"
"0x78c83b30d0e0","      IADD3 R3, R21, c[0x0][0x19c], RZ","0","0","0","0"
"0x78c83b30d0f0","      IMAD.IADD R2, R18, 0x1, -R21","0","0","0","0"
"0x78c83b30d100","      ISETP.GE.AND P0, PT, R3, R18, PT","0","0","0","0"
"0x78c83b30d110","      SEL R2, R2, c[0x0][0x19c], P0","0","0","0","0"
"0x78c83b30d120","      IMAD.IADD R21, R21, 0x1, R2","0","0","0","0"
"0x78c83b30d130","      ISETP.GT.AND P0, PT, R18, R21, PT","0","0","0","0"
"0x78c83b30d140","@!P0  CALL.REL.NOINC 0x78c83b30d160","0","0","0","0"
"0x78c83b30d150","      BRA 0x78c83b30ae50","0","0","0","0"
"0x78c83b30d160","      IMAD.MOV.U32 R2, RZ, RZ, c[0x0][0xc]","0","0","0","0"
"0x78c83b30d170","      IMAD R7, R2, c[0x0][0x10], R7","0","0","0","0"
"0x78c83b30d180","      ISETP.GE.AND P0, PT, R7, c[0x0][0x194], PT","0","0","0","0"
"0x78c83b30d190","@P0   CALL.REL.NOINC 0x78c83b30d1b0","0","0","0","0"
"0x78c83b30d1a0","      BRA 0x78c83b30ada0","0","0","0","0"
"0x78c83b30d1b0","      EXIT","0","0","0","0"
"0x78c83b30d1c0","      IMAD.MOV.U32 R50, RZ, RZ, R8","0","0","0","0"
"0x78c83b30d1d0","      MOV R2, 0x2600","0","0","0","0"
"0x78c83b30d1e0","      IMAD.MOV.U32 R46, RZ, RZ, R11","0","0","0","0"
"0x78c83b30d1f0","      CALL.REL.NOINC 0x78c83b30f020","0","0","0","0"
"0x78c83b30d200","      BRA 0x78c83b30b6e0","0","0","0","0"
"0x78c83b30d210","      IMAD.MOV.U32 R50, RZ, RZ, R12","0","0","0","0"
"0x78c83b30d220","      MOV R2, 0x2650","0","0","0","0"
"0x78c83b30d230","      IMAD.MOV.U32 R46, RZ, RZ, 0x1f","0","0","0","0"
"0x78c83b30d240","      CALL.REL.NOINC 0x78c83b30f020","0","0","0","0"
"0x78c83b30d250","      ISETP.NE.AND P0, PT, R46, RZ, PT","0","0","0","0"
"0x78c83b30d260","      IMAD.MOV.U32 R50, RZ, RZ, R13","0","0","0","0"
"0x78c83b30d270","      MOV R2, 0x26d0","0","0","0","0"
"0x78c83b30d280","      IMAD.MOV.U32 R46, RZ, RZ, 0x1f","0","0","0","0"
"0x78c83b30d290","      SEL R49, RZ, 0x1, !P0","0","0","0","0"
"0x78c83b30d2a0","      LOP3.LUT R49, R4, R49, RZ, 0xc0, !PT","0","0","0","0"
"0x78c83b30d2b0","      PRMT R4, R49, 0x9910, RZ","0","0","0","0"
"0x78c83b30d2c0","      CALL.REL.NOINC 0x78c83b30f020","0","0","0","0"
"0x78c83b30d2d0","      ISETP.NE.AND P0, PT, R46, RZ, PT","0","0","0","0"
"0x78c83b30d2e0","      IMAD.MOV.U32 R50, RZ, RZ, R14","0","0","0","0"
"0x78c83b30d2f0","      MOV R2, 0x2740","0","0","0","0"
"0x78c83b30d300","      IMAD.MOV.U32 R46, RZ, RZ, 0x1f","0","0","0","0"
"0x78c83b30d310","      ISETP.NE.AND P0, PT, R4, RZ, P0","0","0","0","0"
"0x78c83b30d320","      SEL R49, RZ, 0x1, !P0","0","0","0","0"
"0x78c83b30d330","      CALL.REL.NOINC 0x78c83b30f020","0","0","0","0"
"0x78c83b30d340","      ISETP.NE.AND P0, PT, R46, RZ, P0","0","0","0","0"
"0x78c83b30d350","      IMAD.MOV.U32 R50, RZ, RZ, R15","0","0","0","0"
"0x78c83b30d360","      MOV R2, 0x27a0","0","0","0","0"
"0x78c83b30d370","      IMAD.MOV.U32 R46, RZ, RZ, 0x1f","0","0","0","0"
"0x78c83b30d380","      SEL R49, RZ, 0x1, !P0","0","0","0","0"
"0x78c83b30d390","      CALL.REL.NOINC 0x78c83b30f020","0","0","0","0"
"0x78c83b30d3a0","      ISETP.NE.AND P0, PT, R46, RZ, P0","0","0","0","0"
"0x78c83b30d3b0","      IMAD.MOV.U32 R50, RZ, RZ, R16","0","0","0","0"
"0x78c83b30d3c0","      MOV R2, 0x2800","0","0","0","0"
"0x78c83b30d3d0","      IMAD.MOV.U32 R46, RZ, RZ, 0x1f","0","0","0","0"
"0x78c83b30d3e0","      SEL R49, RZ, 0x1, !P0","0","0","0","0"
"0x78c83b30d3f0","      CALL.REL.NOINC 0x78c83b30f020","0","0","0","0"
"0x78c83b30d400","      ISETP.NE.AND P0, PT, R46, RZ, P0","0","0","0","0"
"0x78c83b30d410","      IMAD.MOV.U32 R50, RZ, RZ, RZ","0","0","0","0"
"0x78c83b30d420","      MOV R2, 0x2860","0","0","0","0"
"0x78c83b30d430","      IMAD.MOV.U32 R46, RZ, RZ, 0x1f","0","0","0","0"
"0x78c83b30d440","      SEL R49, RZ, 0x1, !P0","0","0","0","0"
"0x78c83b30d450","      CALL.REL.NOINC 0x78c83b30f020","0","0","0","0"
"0x78c83b30d460","      ISETP.NE.AND P0, PT, R46, RZ, PT","0","0","0","0"
"0x78c83b30d470","      BRA 0x78c83b30bc20","0","0","0","0"
"0x78c83b30d480","      IMAD.MOV.U32 R49, RZ, RZ, R47","0","0","0","0"
"0x78c83b30d490","      MOV R2, 0x28d0","0","0","0","0"
"0x78c83b30d4a0","      IMAD.MOV.U32 R50, RZ, RZ, R44","0","0","0","0"
"0x78c83b30d4b0","      IMAD.MOV.U32 R46, RZ, RZ, 0x1f","0","0","0","0"
"0x78c83b30d4c0","      CALL.REL.NOINC 0x78c83b30f020","0","0","0","0"
"0x78c83b30d4d0","      IMAD.MOV.U32 R38, RZ, RZ, R46","0","0","0","0"
"0x78c83b30d4e0","      BRA 0x78c83b30bd20","0","0","0","0"
"0x78c83b30d4f0","      IMAD.MOV.U32 R49, RZ, RZ, R39","0","0","0","0"
"0x78c83b30d500","      MOV R2, 0x2940","0","0","0","0"
"0x78c83b30d510","      IMAD.MOV.U32 R50, RZ, RZ, R44","0","0","0","0"
"0x78c83b30d520","      IMAD.MOV.U32 R46, RZ, RZ, 0x1f","0","0","0","0"
"0x78c83b30d530","      CALL.REL.NOINC 0x78c83b30f020","0","0","0","0"
"0x78c83b30d540","      ISETP.NE.AND P0, PT, R55, RZ, PT","0","0","0","0"
"0x78c83b30d550","      IMAD.MOV.U32 R50, RZ, RZ, R42","0","0","0","0"
"0x78c83b30d560","      ISETP.NE.AND P1, PT, R54, RZ, PT","0","0","0","0"
"0x78c83b30d570","      FSEL R2, R47, R38, !P0","0","0","0","0"
"0x78c83b30d580","      FSEL R47, R38, R47, !P0","0","0","0","0"
"0x78c83b30d590","      FSETP.GT.AND P2, PT, R2, R47, PT","0","0","0","0"
"0x78c83b30d5a0","      FSETP.GEU.AND P3, PT, R2, R47, PT","0","0","0","0"
"0x78c83b30d5b0","      SEL R2, RZ, 0xffffffff, !P2","0","0","0","0"
"0x78c83b30d5c0","@!P1  SEL R2, RZ, 0xffffffff, P3","0","0","0","0"
"0x78c83b30d5d0","      PLOP3.LUT P1, PT, P1, PT, PT, 0x8, 0x0","0","0","0","0"
"0x78c83b30d5e0","      LOP3.LUT R2, R2, 0x1, RZ, 0xc0, !PT","0","0","0","0"
"0x78c83b30d5f0","      ISETP.NE.U32.AND P2, PT, R2, 0x1, PT","0","0","0","0"
"0x78c83b30d600","      SEL R2, RZ, 0xffffffff, P2","0","0","0","0"
"0x78c83b30d610","      LOP3.LUT R45, R45, R2, R38, 0xb8, !PT","0","0","0","0"
"0x78c83b30d620","      LOP3.LUT R39, R39, R2, R46, 0xb8, !PT","0","0","0","0"
"0x78c83b30d630","      IMAD.MOV.U32 R46, RZ, RZ, 0x1f","0","0","0","0"
"0x78c83b30d640","      MOV R2, 0x2a70","0","0","0","0"
"0x78c83b30d650","      IMAD.MOV.U32 R49, RZ, RZ, R45","0","0","0","0"
"0x78c83b30d660","      CALL.REL.NOINC 0x78c83b30f020","0","0","0","0"
"0x78c83b30d670","      IMAD.MOV.U32 R38, RZ, RZ, R46","0","0","0","0"
"0x78c83b30d680","      MOV R2, 0x2ad0","0","0","0","0"
"0x78c83b30d690","      IMAD.MOV.U32 R49, RZ, RZ, R39","0","0","0","0"
"0x78c83b30d6a0","      IMAD.MOV.U32 R50, RZ, RZ, R42","0","0","0","0"
"0x78c83b30d6b0","      IMAD.MOV.U32 R46, RZ, RZ, 0x1f","0","0","0","0"
"0x78c83b30d6c0","      CALL.REL.NOINC 0x78c83b30f020","0","0","0","0"
"0x78c83b30d6d0","      ISETP.NE.AND P2, PT, R53, RZ, PT","0","0","0","0"
"0x78c83b30d6e0","      IMAD.MOV.U32 R50, RZ, RZ, R44","0","0","0","0"
"0x78c83b30d6f0","      FSEL R2, R45, R38, !P2","0","0","0","0"
"0x78c83b30d700","      FSEL R3, R38, R45, !P2","0","0","0","0"
"0x78c83b30d710","      FSETP.GT.AND P3, PT, R2, R3, PT","0","0","0","0"
"0x78c83b30d720","      FSETP.GEU.AND P4, PT, R2, R3, PT","0","0","0","0"
"0x78c83b30d730","      SEL R2, RZ, 0xffffffff, !P3","0","0","0","0"
"0x78c83b30d740","@!P0  SEL R2, RZ, 0xffffffff, P4","0","0","0","0"
"0x78c83b30d750","      LOP3.LUT R2, R2, 0x1, RZ, 0xc0, !PT","0","0","0","0"
"0x78c83b30d760","      ISETP.NE.U32.AND P3, PT, R2, 0x1, PT","0","0","0","0"
"0x78c83b30d770","      MOV R2, 0x2be0","0","0","0","0"
"0x78c83b30d780","      SEL R3, RZ, 0xffffffff, P3","0","0","0","0"
"0x78c83b30d790","      LOP3.LUT R45, R45, R3, R38, 0xb8, !PT","0","0","0","0"
"0x78c83b30d7a0","      LOP3.LUT R39, R39, R3, R46, 0xb8, !PT","0","0","0","0"
"0x78c83b30d7b0","      IMAD.MOV.U32 R46, RZ, RZ, 0x1f","0","0","0","0"
"0x78c83b30d7c0","      IMAD.MOV.U32 R49, RZ, RZ, R45","0","0","0","0"
"0x78c83b30d7d0","      CALL.REL.NOINC 0x78c83b30f020","0","0","0","0"
"0x78c83b30d7e0","      IMAD.MOV.U32 R38, RZ, RZ, R46","0","0","0","0"
"0x78c83b30d7f0","      MOV R2, 0x2c40","0","0","0","0"
"0x78c83b30d800","      IMAD.MOV.U32 R49, RZ, RZ, R39","0","0","0","0"
"0x78c83b30d810","      IMAD.MOV.U32 R50, RZ, RZ, R44","0","0","0","0"
"0x78c83b30d820","      IMAD.MOV.U32 R46, RZ, RZ, 0x1f","0","0","0","0"
"0x78c83b30d830","      CALL.REL.NOINC 0x78c83b30f020","0","0","0","0"
"0x78c83b30d840","      FSEL R2, R45, R38, !P2","0","0","0","0"
"0x78c83b30d850","      IMAD.MOV.U32 R50, RZ, RZ, R41","0","0","0","0"
"0x78c83b30d860","      FSEL R3, R38, R45, !P2","0","0","0","0"
"0x78c83b30d870","      FSETP.GT.AND P3, PT, R2, R3, PT","0","0","0","0"
"0x78c83b30d880","      FSETP.GEU.AND P4, PT, R2, R3, PT","0","0","0","0"
"0x78c83b30d890","      SEL R2, RZ, 0xffffffff, !P3","0","0","0","0"
"0x78c83b30d8a0","@P1   SEL R2, RZ, 0xffffffff, P4","0","0","0","0"
"0x78c83b30d8b0","      LOP3.LUT R2, R2, 0x1, RZ, 0xc0, !PT","0","0","0","0"
"0x78c83b30d8c0","      ISETP.NE.U32.AND P3, PT, R2, 0x1, PT","0","0","0","0"
"0x78c83b30d8d0","      MOV R2, 0x2d40","0","0","0","0"
"0x78c83b30d8e0","      SEL R3, RZ, 0xffffffff, P3","0","0","0","0"
"0x78c83b30d8f0","      LOP3.LUT R45, R45, R3, R38, 0xb8, !PT","0","0","0","0"
"0x78c83b30d900","      LOP3.LUT R47, R39, R3, R46, 0xb8, !PT","0","0","0","0"
"0x78c83b30d910","      IMAD.MOV.U32 R46, RZ, RZ, 0x1f","0","0","0","0"
"0x78c83b30d920","      IMAD.MOV.U32 R49, RZ, RZ, R45","0","0","0","0"
"0x78c83b30d930","      CALL.REL.NOINC 0x78c83b30f020","0","0","0","0"
"0x78c83b30d940","      IMAD.MOV.U32 R38, RZ, RZ, R46","0","0","0","0"
"0x78c83b30d950","      MOV R2, 0x2da0","0","0","0","0"
"0x78c83b30d960","      IMAD.MOV.U32 R49, RZ, RZ, R47","0","0","0","0"
"0x78c83b30d970","      IMAD.MOV.U32 R50, RZ, RZ, R41","0","0","0","0"
"0x78c83b30d980","      IMAD.MOV.U32 R46, RZ, RZ, 0x1f","0","0","0","0"
"0x78c83b30d990","      CALL.REL.NOINC 0x78c83b30f020","0","0","0","0"
"0x78c83b30d9a0","      ISETP.NE.AND P3, PT, R52, RZ, PT","0","0","0","0"
"0x78c83b30d9b0","      IMAD.MOV.U32 R50, RZ, RZ, R42","0","0","0","0"
"0x78c83b30d9c0","      FSEL R2, R45, R38, !P3","0","0","0","0"
"0x78c83b30d9d0","      FSEL R3, R38, R45, !P3","0","0","0","0"
"0x78c83b30d9e0","      FSETP.GT.AND P4, PT, R2, R3, PT","0","0","0","0"
"0x78c83b30d9f0","      SEL R39, RZ, 0xffffffff, !P4","0","0","0","0"
"0x78c83b30da00","      FSETP.GEU.AND P4, PT, R2, R3, PT","0","0","0","0"
"0x78c83b30da10","      MOV R2, 0x2eb0","0","0","0","0"
"0x78c83b30da20","@!P2  SEL R39, RZ, 0xffffffff, P4","0","0","0","0"
"0x78c83b30da30","      LOP3.LUT R39, R39, 0x1, RZ, 0xc0, !PT","0","0","0","0"
"0x78c83b30da40","      ISETP.NE.U32.AND P4, PT, R39, 0x1, PT","0","0","0","0"
"0x78c83b30da50","      SEL R3, RZ, 0xffffffff, P4","0","0","0","0"
"0x78c83b30da60","      LOP3.LUT R45, R45, R3, R38, 0xb8, !PT","0","0","0","0"
"0x78c83b30da70","      LOP3.LUT R47, R47, R3, R46, 0xb8, !PT","0","0","0","0"
"0x78c83b30da80","      IMAD.MOV.U32 R46, RZ, RZ, 0x1f","0","0","0","0"
"0x78c83b30da90","      IMAD.MOV.U32 R49, RZ, RZ, R45","0","0","0","0"
"0x78c83b30daa0","      CALL.REL.NOINC 0x78c83b30f020","0","0","0","0"
"0x78c83b30dab0","      IMAD.MOV.U32 R38, RZ, RZ, R46","0","0","0","0"
"0x78c83b30dac0","      MOV R2, 0x2f10","0","0","0","0"
"0x78c83b30dad0","      IMAD.MOV.U32 R49, RZ, RZ, R47","0","0","0","0"
"0x78c83b30dae0","      IMAD.MOV.U32 R50, RZ, RZ, R42","0","0","0","0"
"0x78c83b30daf0","      IMAD.MOV.U32 R46, RZ, RZ, 0x1f","0","0","0","0"
"0x78c83b30db00","      CALL.REL.NOINC 0x78c83b30f020","0","0","0","0"
"0x78c83b30db10","      FSEL R2, R45, R38, !P3","0","0","0","0"
"0x78c83b30db20","      IMAD.MOV.U32 R50, RZ, RZ, R44","0","0","0","0"
"0x78c83b30db30","      FSEL R3, R38, R45, !P3","0","0","0","0"
"0x78c83b30db40","      FSETP.GT.AND P4, PT, R2, R3, PT","0","0","0","0"
"0x78c83b30db50","      SEL R39, RZ, 0xffffffff, !P4","0","0","0","0"
"0x78c83b30db60","      FSETP.GEU.AND P4, PT, R2, R3, PT","0","0","0","0"
"0x78c83b30db70","      MOV R2, 0x3010","0","0","0","0"
"0x78c83b30db80","@!P0  SEL R39, RZ, 0xffffffff, P4","0","0","0","0"
"0x78c83b30db90","      LOP3.LUT R39, R39, 0x1, RZ, 0xc0, !PT","0","0","0","0"
"0x78c83b30dba0","      ISETP.NE.U32.AND P4, PT, R39, 0x1, PT","0","0","0","0"
"0x78c83b30dbb0","      SEL R3, RZ, 0xffffffff, P4","0","0","0","0"
"0x78c83b30dbc0","      LOP3.LUT R45, R45, R3, R38, 0xb8, !PT","0","0","0","0"
"0x78c83b30dbd0","      LOP3.LUT R47, R47, R3, R46, 0xb8, !PT","0","0","0","0"
"0x78c83b30dbe0","      IMAD.MOV.U32 R46, RZ, RZ, 0x1f","0","0","0","0"
"0x78c83b30dbf0","      IMAD.MOV.U32 R49, RZ, RZ, R45","0","0","0","0"
"0x78c83b30dc00","      CALL.REL.NOINC 0x78c83b30f020","0","0","0","0"
"0x78c83b30dc10","      IMAD.MOV.U32 R38, RZ, RZ, R46","0","0","0","0"
"0x78c83b30dc20","      MOV R2, 0x3070","0","0","0","0"
"0x78c83b30dc30","      IMAD.MOV.U32 R49, RZ, RZ, R47","0","0","0","0"
"0x78c83b30dc40","      IMAD.MOV.U32 R50, RZ, RZ, R44","0","0","0","0"
"0x78c83b30dc50","      IMAD.MOV.U32 R46, RZ, RZ, 0x1f","0","0","0","0"
"0x78c83b30dc60","      CALL.REL.NOINC 0x78c83b30f020","0","0","0","0"
"0x78c83b30dc70","      FSEL R2, R45, R38, !P3","0","0","0","0"
"0x78c83b30dc80","      IMAD.MOV.U32 R50, RZ, RZ, R40","0","0","0","0"
"0x78c83b30dc90","      FSEL R3, R38, R45, !P3","0","0","0","0"
"0x78c83b30dca0","      FSETP.GT.AND P4, PT, R2, R3, PT","0","0","0","0"
"0x78c83b30dcb0","      SEL R39, RZ, 0xffffffff, !P4","0","0","0","0"
"0x78c83b30dcc0","      FSETP.GEU.AND P4, PT, R2, R3, PT","0","0","0","0"
"0x78c83b30dcd0","      MOV R2, 0x3170","0","0","0","0"
"0x78c83b30dce0","@P1   SEL R39, RZ, 0xffffffff, P4","0","0","0","0"
"0x78c83b30dcf0","      LOP3.LUT R39, R39, 0x1, RZ, 0xc0, !PT","0","0","0","0"
"0x78c83b30dd00","      ISETP.NE.U32.AND P4, PT, R39, 0x1, PT","0","0","0","0"
"0x78c83b30dd10","      SEL R3, RZ, 0xffffffff, P4","0","0","0","0"
"0x78c83b30dd20","      LOP3.LUT R45, R45, R3, R38, 0xb8, !PT","0","0","0","0"
"0x78c83b30dd30","      LOP3.LUT R47, R47, R3, R46, 0xb8, !PT","0","0","0","0"
"0x78c83b30dd40","      IMAD.MOV.U32 R46, RZ, RZ, 0x1f","0","0","0","0"
"0x78c83b30dd50","      IMAD.MOV.U32 R49, RZ, RZ, R45","0","0","0","0"
"0x78c83b30dd60","      CALL.REL.NOINC 0x78c83b30f020","0","0","0","0"
"0x78c83b30dd70","      IMAD.MOV.U32 R38, RZ, RZ, R46","0","0","0","0"
"0x78c83b30dd80","      MOV R2, 0x31d0","0","0","0","0"
"0x78c83b30dd90","      IMAD.MOV.U32 R49, RZ, RZ, R47","0","0","0","0"
"0x78c83b30dda0","      IMAD.MOV.U32 R50, RZ, RZ, R40","0","0","0","0"
"0x78c83b30ddb0","      IMAD.MOV.U32 R46, RZ, RZ, 0x1f","0","0","0","0"
"0x78c83b30ddc0","      CALL.REL.NOINC 0x78c83b30f020","0","0","0","0"
"0x78c83b30ddd0","      ISETP.NE.AND P4, PT, R51, RZ, PT","0","0","0","0"
"0x78c83b30dde0","      IMAD.MOV.U32 R50, RZ, RZ, R41","0","0","0","0"
"0x78c83b30ddf0","      FSEL R2, R45, R38, !P4","0","0","0","0"
"0x78c83b30de00","      FSEL R3, R38, R45, !P4","0","0","0","0"
"0x78c83b30de10","      FSETP.GT.AND P5, PT, R2, R3, PT","0","0","0","0"
"0x78c83b30de20","      SEL R39, RZ, 0xffffffff, !P5","0","0","0","0"
"0x78c83b30de30","      FSETP.GEU.AND P5, PT, R2, R3, PT","0","0","0","0"
"0x78c83b30de40","      MOV R2, 0x32e0","0","0","0","0"
"0x78c83b30de50","@!P3  SEL R39, RZ, 0xffffffff, P5","0","0","0","0"
"0x78c83b30de60","      LOP3.LUT R39, R39, 0x1, RZ, 0xc0, !PT","0","0","0","0"
"0x78c83b30de70","      ISETP.NE.U32.AND P5, PT, R39, 0x1, PT","0","0","0","0"
"0x78c83b30de80","      SEL R3, RZ, 0xffffffff, P5","0","0","0","0"
"0x78c83b30de90","      LOP3.LUT R45, R45, R3, R38, 0xb8, !PT","0","0","0","0"
"0x78c83b30dea0","      LOP3.LUT R47, R47, R3, R46, 0xb8, !PT","0","0","0","0"
"0x78c83b30deb0","      IMAD.MOV.U32 R46, RZ, RZ, 0x1f","0","0","0","0"
"0x78c83b30dec0","      IMAD.MOV.U32 R49, RZ, RZ, R45","0","0","0","0"
"0x78c83b30ded0","      CALL.REL.NOINC 0x78c83b30f020","0","0","0","0"
"0x78c83b30dee0","      IMAD.MOV.U32 R38, RZ, RZ, R46","0","0","0","0"
"0x78c83b30def0","      MOV R2, 0x3340","0","0","0","0"
"0x78c83b30df00","      IMAD.MOV.U32 R49, RZ, RZ, R47","0","0","0","0"
"0x78c83b30df10","      IMAD.MOV.U32 R50, RZ, RZ, R41","0","0","0","0"
"0x78c83b30df20","      IMAD.MOV.U32 R46, RZ, RZ, 0x1f","0","0","0","0"
"0x78c83b30df30","      CALL.REL.NOINC 0x78c83b30f020","0","0","0","0"
"0x78c83b30df40","      FSEL R2, R45, R38, !P4","0","0","0","0"
"0x78c83b30df50","      IMAD.MOV.U32 R50, RZ, RZ, R42","0","0","0","0"
"0x78c83b30df60","      FSEL R3, R38, R45, !P4","0","0","0","0"
"0x78c83b30df70","      FSETP.GT.AND P5, PT, R2, R3, PT","0","0","0","0"
"0x78c83b30df80","      SEL R39, RZ, 0xffffffff, !P5","0","0","0","0"
"0x78c83b30df90","      FSETP.GEU.AND P5, PT, R2, R3, PT","0","0","0","0"
"0x78c83b30dfa0","      MOV R2, 0x3440","0","0","0","0"
"0x78c83b30dfb0","@!P2  SEL R39, RZ, 0xffffffff, P5","0","0","0","0"
"0x78c83b30dfc0","      LOP3.LUT R39, R39, 0x1, RZ, 0xc0, !PT","0","0","0","0"
"0x78c83b30dfd0","      ISETP.NE.U32.AND P5, PT, R39, 0x1, PT","0","0","0","0"
"0x78c83b30dfe0","      SEL R3, RZ, 0xffffffff, P5","0","0","0","0"
"0x78c83b30dff0","      LOP3.LUT R45, R45, R3, R38, 0xb8, !PT","0","0","0","0"
"0x78c83b30e000","      LOP3.LUT R47, R47, R3, R46, 0xb8, !PT","0","0","0","0"
"0x78c83b30e010","      IMAD.MOV.U32 R46, RZ, RZ, 0x1f","0","0","0","0"
"0x78c83b30e020","      IMAD.MOV.U32 R49, RZ, RZ, R45","0","0","0","0"
"0x78c83b30e030","      CALL.REL.NOINC 0x78c83b30f020","0","0","0","0"
"0x78c83b30e040","      IMAD.MOV.U32 R38, RZ, RZ, R46","0","0","0","0"
"0x78c83b30e050","      MOV R2, 0x34a0","0","0","0","0"
"0x78c83b30e060","      IMAD.MOV.U32 R49, RZ, RZ, R47","0","0","0","0"
"0x78c83b30e070","      IMAD.MOV.U32 R50, RZ, RZ, R42","0","0","0","0"
"0x78c83b30e080","      IMAD.MOV.U32 R46, RZ, RZ, 0x1f","0","0","0","0"
"0x78c83b30e090","      CALL.REL.NOINC 0x78c83b30f020","0","0","0","0"
"0x78c83b30e0a0","      FSEL R2, R45, R38, !P4","0","0","0","0"
"0x78c83b30e0b0","      IMAD.MOV.U32 R50, RZ, RZ, R44","0","0","0","0"
"0x78c83b30e0c0","      FSEL R3, R38, R45, !P4","0","0","0","0"
"0x78c83b30e0d0","      FSETP.GT.AND P5, PT, R2, R3, PT","0","0","0","0"
"0x78c83b30e0e0","      SEL R39, RZ, 0xffffffff, !P5","0","0","0","0"
"0x78c83b30e0f0","      FSETP.GEU.AND P5, PT, R2, R3, PT","0","0","0","0"
"0x78c83b30e100","      MOV R2, 0x35a0","0","0","0","0"
"0x78c83b30e110","@!P0  SEL R39, RZ, 0xffffffff, P5","0","0","0","0"
"0x78c83b30e120","      LOP3.LUT R39, R39, 0x1, RZ, 0xc0, !PT","0","0","0","0"
"0x78c83b30e130","      ISETP.NE.U32.AND P5, PT, R39, 0x1, PT","0","0","0","0"
"0x78c83b30e140","      SEL R3, RZ, 0xffffffff, P5","0","0","0","0"
"0x78c83b30e150","      LOP3.LUT R45, R45, R3, R38, 0xb8, !PT","0","0","0","0"
"0x78c83b30e160","      LOP3.LUT R47, R47, R3, R46, 0xb8, !PT","0","0","0","0"
"0x78c83b30e170","      IMAD.MOV.U32 R46, RZ, RZ, 0x1f","0","0","0","0"
"0x78c83b30e180","      IMAD.MOV.U32 R49, RZ, RZ, R45","0","0","0","0"
"0x78c83b30e190","      CALL.REL.NOINC 0x78c83b30f020","0","0","0","0"
"0x78c83b30e1a0","      IMAD.MOV.U32 R38, RZ, RZ, R46","0","0","0","0"
"0x78c83b30e1b0","      MOV R2, 0x3600","0","0","0","0"
"0x78c83b30e1c0","      IMAD.MOV.U32 R49, RZ, RZ, R47","0","0","0","0"
"0x78c83b30e1d0","      IMAD.MOV.U32 R50, RZ, RZ, R44","0","0","0","0"
"0x78c83b30e1e0","      IMAD.MOV.U32 R46, RZ, RZ, 0x1f","0","0","0","0"
"0x78c83b30e1f0","      CALL.REL.NOINC 0x78c83b30f020","0","0","0","0"
"0x78c83b30e200","      FSEL R2, R45, R38, !P4","0","0","0","0"
"0x78c83b30e210","      IMAD.MOV.U32 R50, RZ, RZ, R4","0","0","0","0"
"0x78c83b30e220","      FSEL R3, R38, R45, !P4","0","0","0","0"
"0x78c83b30e230","      FSETP.GT.AND P5, PT, R2, R3, PT","0","0","0","0"
"0x78c83b30e240","      SEL R39, RZ, 0xffffffff, !P5","0","0","0","0"
"0x78c83b30e250","      FSETP.GEU.AND P5, PT, R2, R3, PT","0","0","0","0"
"0x78c83b30e260","      MOV R2, 0x3700","0","0","0","0"
"0x78c83b30e270","@P1   SEL R39, RZ, 0xffffffff, P5","0","0","0","0"
"0x78c83b30e280","      LOP3.LUT R39, R39, 0x1, RZ, 0xc0, !PT","0","0","0","0"
"0x78c83b30e290","      ISETP.NE.U32.AND P5, PT, R39, 0x1, PT","0","0","0","0"
"0x78c83b30e2a0","      SEL R3, RZ, 0xffffffff, P5","0","0","0","0"
"0x78c83b30e2b0","      LOP3.LUT R45, R45, R3, R38, 0xb8, !PT","0","0","0","0"
"0x78c83b30e2c0","      LOP3.LUT R47, R47, R3, R46, 0xb8, !PT","0","0","0","0"
"0x78c83b30e2d0","      IMAD.MOV.U32 R46, RZ, RZ, 0x1f","0","0","0","0"
"0x78c83b30e2e0","      IMAD.MOV.U32 R49, RZ, RZ, R45","0","0","0","0"
"0x78c83b30e2f0","      CALL.REL.NOINC 0x78c83b30f020","0","0","0","0"
"0x78c83b30e300","      IMAD.MOV.U32 R38, RZ, RZ, R46","0","0","0","0"
"0x78c83b30e310","      MOV R2, 0x3760","0","0","0","0"
"0x78c83b30e320","      IMAD.MOV.U32 R49, RZ, RZ, R47","0","0","0","0"
"0x78c83b30e330","      IMAD.MOV.U32 R50, RZ, RZ, R4","0","0","0","0"
"0x78c83b30e340","      IMAD.MOV.U32 R46, RZ, RZ, 0x1f","0","0","0","0"
"0x78c83b30e350","      CALL.REL.NOINC 0x78c83b30f020","0","0","0","0"
"0x78c83b30e360","      LOP3.LUT P5, RZ, R0, 0x20, RZ, 0xc0, !PT","0","0","0","0"
"0x78c83b30e370","      IMAD.MOV.U32 R50, RZ, RZ, R40","0","0","0","0"
"0x78c83b30e380","      FSEL R2, R45, R38, !P5","0","0","0","0"
"0x78c83b30e390","      FSEL R3, R38, R45, !P5","0","0","0","0"
"0x78c83b30e3a0","      FSETP.GT.AND P5, PT, R2, R3, PT","0","0","0","0"
"0x78c83b30e3b0","      SEL R39, RZ, 0xffffffff, !P5","0","0","0","0"
"0x78c83b30e3c0","      FSETP.GEU.AND P5, PT, R2, R3, PT","0","0","0","0"
"0x78c83b30e3d0","      MOV R2, 0x3870","0","0","0","0"
"0x78c83b30e3e0","@!P4  SEL R39, RZ, 0xffffffff, P5","0","0","0","0"
"0x78c83b30e3f0","      LOP3.LUT R39, R39, 0x1, RZ, 0xc0, !PT","0","0","0","0"
"0x78c83b30e400","      ISETP.NE.U32.AND P5, PT, R39, 0x1, PT","0","0","0","0"
"0x78c83b30e410","      SEL R3, RZ, 0xffffffff, P5","0","0","0","0"
"0x78c83b30e420","      LOP3.LUT R45, R45, R3, R38, 0xb8, !PT","0","0","0","0"
"0x78c83b30e430","      LOP3.LUT R47, R47, R3, R46, 0xb8, !PT","0","0","0","0"
"0x78c83b30e440","      IMAD.MOV.U32 R46, RZ, RZ, 0x1f","0","0","0","0"
"0x78c83b30e450","      IMAD.MOV.U32 R49, RZ, RZ, R45","0","0","0","0"
"0x78c83b30e460","      CALL.REL.NOINC 0x78c83b30f020","0","0","0","0"
"0x78c83b30e470","      IMAD.MOV.U32 R38, RZ, RZ, R46","0","0","0","0"
"0x78c83b30e480","      MOV R2, 0x38d0","0","0","0","0"
"0x78c83b30e490","      IMAD.MOV.U32 R49, RZ, RZ, R47","0","0","0","0"
"0x78c83b30e4a0","      IMAD.MOV.U32 R50, RZ, RZ, R40","0","0","0","0"
"0x78c83b30e4b0","      IMAD.MOV.U32 R46, RZ, RZ, 0x1f","0","0","0","0"
"0x78c83b30e4c0","      CALL.REL.NOINC 0x78c83b30f020","0","0","0","0"
"0x78c83b30e4d0","      LOP3.LUT P5, RZ, R0, 0x20, RZ, 0xc0, !PT","0","0","0","0"
"0x78c83b30e4e0","      IMAD.MOV.U32 R50, RZ, RZ, R41","0","0","0","0"
"0x78c83b30e4f0","      FSEL R2, R45, R38, !P5","0","0","0","0"
"0x78c83b30e500","      FSEL R3, R38, R45, !P5","0","0","0","0"
"0x78c83b30e510","      FSETP.GT.AND P5, PT, R2, R3, PT","0","0","0","0"
"0x78c83b30e520","      SEL R39, RZ, 0xffffffff, !P5","0","0","0","0"
"0x78c83b30e530","      FSETP.GEU.AND P5, PT, R2, R3, PT","0","0","0","0"
"0x78c83b30e540","      MOV R2, 0x39e0","0","0","0","0"
"0x78c83b30e550","@!P3  SEL R39, RZ, 0xffffffff, P5","0","0","0","0"
"0x78c83b30e560","      LOP3.LUT R39, R39, 0x1, RZ, 0xc0, !PT","0","0","0","0"
"0x78c83b30e570","      ISETP.NE.U32.AND P5, PT, R39, 0x1, PT","0","0","0","0"
"0x78c83b30e580","      SEL R3, RZ, 0xffffffff, P5","0","0","0","0"
"0x78c83b30e590","      LOP3.LUT R45, R45, R3, R38, 0xb8, !PT","0","0","0","0"
"0x78c83b30e5a0","      LOP3.LUT R47, R47, R3, R46, 0xb8, !PT","0","0","0","0"
"0x78c83b30e5b0","      IMAD.MOV.U32 R46, RZ, RZ, 0x1f","0","0","0","0"
"0x78c83b30e5c0","      IMAD.MOV.U32 R49, RZ, RZ, R45","0","0","0","0"
"0x78c83b30e5d0","      CALL.REL.NOINC 0x78c83b30f020","0","0","0","0"
"0x78c83b30e5e0","      IMAD.MOV.U32 R38, RZ, RZ, R46","0","0","0","0"
"0x78c83b30e5f0","      MOV R2, 0x3a40","0","0","0","0"
"0x78c83b30e600","      IMAD.MOV.U32 R49, RZ, RZ, R47","0","0","0","0"
"0x78c83b30e610","      IMAD.MOV.U32 R50, RZ, RZ, R41","0","0","0","0"
"0x78c83b30e620","      IMAD.MOV.U32 R46, RZ, RZ, 0x1f","0","0","0","0"
"0x78c83b30e630","      CALL.REL.NOINC 0x78c83b30f020","0","0","0","0"
"0x78c83b30e640","      LOP3.LUT P5, RZ, R0, 0x20, RZ, 0xc0, !PT","0","0","0","0"
"0x78c83b30e650","      IMAD.MOV.U32 R50, RZ, RZ, R42","0","0","0","0"
"0x78c83b30e660","      FSEL R2, R45, R38, !P5","0","0","0","0"
"0x78c83b30e670","      FSEL R3, R38, R45, !P5","0","0","0","0"
"0x78c83b30e680","      FSETP.GT.AND P5, PT, R2, R3, PT","0","0","0","0"
"0x78c83b30e690","      SEL R39, RZ, 0xffffffff, !P5","0","0","0","0"
"0x78c83b30e6a0","      FSETP.GEU.AND P5, PT, R2, R3, PT","0","0","0","0"
"0x78c83b30e6b0","      MOV R2, 0x3b50","0","0","0","0"
"0x78c83b30e6c0","@!P2  SEL R39, RZ, 0xffffffff, P5","0","0","0","0"
"0x78c83b30e6d0","      LOP3.LUT R39, R39, 0x1, RZ, 0xc0, !PT","0","0","0","0"
"0x78c83b30e6e0","      ISETP.NE.U32.AND P5, PT, R39, 0x1, PT","0","0","0","0"
"0x78c83b30e6f0","      SEL R3, RZ, 0xffffffff, P5","0","0","0","0"
"0x78c83b30e700","      LOP3.LUT R45, R45, R3, R38, 0xb8, !PT","0","0","0","0"
"0x78c83b30e710","      LOP3.LUT R47, R47, R3, R46, 0xb8, !PT","0","0","0","0"
"0x78c83b30e720","      IMAD.MOV.U32 R46, RZ, RZ, 0x1f","0","0","0","0"
"0x78c83b30e730","      IMAD.MOV.U32 R49, RZ, RZ, R45","0","0","0","0"
"0x78c83b30e740","      CALL.REL.NOINC 0x78c83b30f020","0","0","0","0"
"0x78c83b30e750","      IMAD.MOV.U32 R38, RZ, RZ, R46","0","0","0","0"
"0x78c83b30e760","      MOV R2, 0x3bb0","0","0","0","0"
"0x78c83b30e770","      IMAD.MOV.U32 R49, RZ, RZ, R47","0","0","0","0"
"0x78c83b30e780","      IMAD.MOV.U32 R50, RZ, RZ, R42","0","0","0","0"
"0x78c83b30e790","      IMAD.MOV.U32 R46, RZ, RZ, 0x1f","0","0","0","0"
"0x78c83b30e7a0","      CALL.REL.NOINC 0x78c83b30f020","0","0","0","0"
"0x78c83b30e7b0","      LOP3.LUT P5, RZ, R0, 0x20, RZ, 0xc0, !PT","0","0","0","0"
"0x78c83b30e7c0","      IMAD.MOV.U32 R50, RZ, RZ, R44","0","0","0","0"
"0x78c83b30e7d0","      FSEL R2, R45, R38, !P5","0","0","0","0"
"0x78c83b30e7e0","      FSEL R3, R38, R45, !P5","0","0","0","0"
"0x78c83b30e7f0","      FSETP.GT.AND P5, PT, R2, R3, PT","0","0","0","0"
"0x78c83b30e800","      SEL R39, RZ, 0xffffffff, !P5","0","0","0","0"
"0x78c83b30e810","      FSETP.GEU.AND P5, PT, R2, R3, PT","0","0","0","0"
"0x78c83b30e820","      MOV R2, 0x3cc0","0","0","0","0"
"0x78c83b30e830","@!P0  SEL R39, RZ, 0xffffffff, P5","0","0","0","0"
"0x78c83b30e840","      LOP3.LUT R39, R39, 0x1, RZ, 0xc0, !PT","0","0","0","0"
"0x78c83b30e850","      ISETP.NE.U32.AND P5, PT, R39, 0x1, PT","0","0","0","0"
"0x78c83b30e860","      SEL R3, RZ, 0xffffffff, P5","0","0","0","0"
"0x78c83b30e870","      LOP3.LUT R45, R45, R3, R38, 0xb8, !PT","0","0","0","0"
"0x78c83b30e880","      LOP3.LUT R47, R47, R3, R46, 0xb8, !PT","0","0","0","0"
"0x78c83b30e890","      IMAD.MOV.U32 R46, RZ, RZ, 0x1f","0","0","0","0"
"0x78c83b30e8a0","      IMAD.MOV.U32 R49, RZ, RZ, R45","0","0","0","0"
"0x78c83b30e8b0","      CALL.REL.NOINC 0x78c83b30f020","0","0","0","0"
"0x78c83b30e8c0","      IMAD.MOV.U32 R38, RZ, RZ, R46","0","0","0","0"
"0x78c83b30e8d0","      MOV R2, 0x3d20","0","0","0","0"
"0x78c83b30e8e0","      IMAD.MOV.U32 R49, RZ, RZ, R47","0","0","0","0"
"0x78c83b30e8f0","      IMAD.MOV.U32 R50, RZ, RZ, R44","0","0","0","0"
"0x78c83b30e900","      IMAD.MOV.U32 R46, RZ, RZ, 0x1f","0","0","0","0"
"0x78c83b30e910","      CALL.REL.NOINC 0x78c83b30f020","0","0","0","0"
"0x78c83b30e920","      LOP3.LUT P5, RZ, R0, 0x20, RZ, 0xc0, !PT","0","0","0","0"
"0x78c83b30e930","      IMAD.MOV.U32 R50, RZ, RZ, R4","0","0","0","0"
"0x78c83b30e940","      FSEL R2, R38, R45, !P5","0","0","0","0"
"0x78c83b30e950","      FSEL R3, R45, R38, !P5","0","0","0","0"
"0x78c83b30e960","      FSETP.GEU.AND P5, PT, R2, R3, PT","0","0","0","0"
"0x78c83b30e970","      SEL R39, RZ, 0xffffffff, P5","0","0","0","0"
"0x78c83b30e980","      FSETP.GT.AND P5, PT, R2, R3, PT","0","0","0","0"
"0x78c83b30e990","@P1   SEL R39, RZ, 0xffffffff, !P5","0","0","0","0"
"0x78c83b30e9a0","      LOP3.LUT R39, R39, 0x1, RZ, 0xc0, !PT","0","0","0","0"
"0x78c83b30e9b0","      ISETP.NE.U32.AND P5, PT, R39, 0x1, PT","0","0","0","0"
"0x78c83b30e9c0","      SEL R39, RZ, 0xffffffff, P5","0","0","0","0"
"0x78c83b30e9d0","      LOP3.LUT R38, R45, R39, R38, 0xb8, !PT","0","0","0","0"
"0x78c83b30e9e0","      LOP3.LUT R39, R47, R39, R46, 0xb8, !PT","0","0","0","0"
"0x78c83b30e9f0","      IMAD.MOV.U32 R46, RZ, RZ, 0x1f","0","0","0","0"
"0x78c83b30ea00","      FSETP.GT.AND P5, PT, R35, R38, PT","0","0","0","0"
"0x78c83b30ea10","      LOP3.LUT R2, R38, R35, RZ, 0x3c, !PT","0","0","0","0"
"0x78c83b30ea20","      LOP3.LUT R3, R39, R36, RZ, 0x3c, !PT","0","0","0","0"
"0x78c83b30ea30","      SEL R2, R2, RZ, P5","0","0","0","0"
"0x78c83b30ea40","      SEL R3, R3, RZ, P5","0","0","0","0"
"0x78c83b30ea50","      LOP3.LUT R52, R2, R35, RZ, 0x3c, !PT","0","0","0","0"
"0x78c83b30ea60","      LOP3.LUT R45, R3, R36, RZ, 0x3c, !PT","0","0","0","0"
"0x78c83b30ea70","      MOV R2, 0x3ea0","0","0","0","0"
"0x78c83b30ea80","      IMAD.MOV.U32 R49, RZ, RZ, R52","0","0","0","0"
"0x78c83b30ea90","      CALL.REL.NOINC 0x78c83b30f020","0","0","0","0"
"0x78c83b30eaa0","      IMAD.MOV.U32 R35, RZ, RZ, R46","0","0","0","0"
"0x78c83b30eab0","      MOV R2, 0x3f00","0","0","0","0"
"0x78c83b30eac0","      IMAD.MOV.U32 R50, RZ, RZ, R4","0","0","0","0"
"0x78c83b30ead0","      IMAD.MOV.U32 R49, RZ, RZ, R45","0","0","0","0"
"0x78c83b30eae0","      IMAD.MOV.U32 R46, RZ, RZ, 0x1f","0","0","0","0"
"0x78c83b30eaf0","      CALL.REL.NOINC 0x78c83b30f020","0","0","0","0"
"0x78c83b30eb00","      FSETP.GEU.AND P5, PT, R52, R35, PT","0","0","0","0"
"0x78c83b30eb10","      IMAD.MOV.U32 R50, RZ, RZ, R40","0","0","0","0"
"0x78c83b30eb20","      SEL R2, RZ, 0xffffffff, P5","0","0","0","0"
"0x78c83b30eb30","      FSETP.GT.AND P5, PT, R52, R35, PT","0","0","0","0"
"0x78c83b30eb40","@!P4  SEL R2, RZ, 0xffffffff, !P5","0","0","0","0"
"0x78c83b30eb50","      LOP3.LUT R2, R2, 0x1, RZ, 0xc0, !PT","0","0","0","0"
"0x78c83b30eb60","      ISETP.NE.U32.AND P4, PT, R2, 0x1, PT","0","0","0","0"
"0x78c83b30eb70","      SEL R2, RZ, 0xffffffff, P4","0","0","0","0"
"0x78c83b30eb80","      LOP3.LUT R35, R52, R2, R35, 0xb8, !PT","0","0","0","0"
"0x78c83b30eb90","      LOP3.LUT R45, R45, R2, R46, 0xb8, !PT","0","0","0","0"
"0x78c83b30eba0","      IMAD.MOV.U32 R46, RZ, RZ, 0x1f","0","0","0","0"
"0x78c83b30ebb0","      MOV R2, 0x3fe0","0","0","0","0"
"0x78c83b30ebc0","      IMAD.MOV.U32 R49, RZ, RZ, R35","0","0","0","0"
"0x78c83b30ebd0","      CALL.REL.NOINC 0x78c83b30f020","0","0","0","0"
"0x78c83b30ebe0","      IMAD.MOV.U32 R4, RZ, RZ, R46","0","0","0","0"
"0x78c83b30ebf0","      MOV R2, 0x4040","0","0","0","0"
"0x78c83b30ec00","      IMAD.MOV.U32 R50, RZ, RZ, R40","0","0","0","0"
"0x78c83b30ec10","      IMAD.MOV.U32 R49, RZ, RZ, R45","0","0","0","0"
"0x78c83b30ec20","      IMAD.MOV.U32 R46, RZ, RZ, 0x1f","0","0","0","0"
"0x78c83b30ec30","      CALL.REL.NOINC 0x78c83b30f020","0","0","0","0"
"0x78c83b30ec40","      FSETP.GEU.AND P5, PT, R35, R4, PT","0","0","0","0"
"0x78c83b30ec50","      IMAD.MOV.U32 R50, RZ, RZ, R41","0","0","0","0"
"0x78c83b30ec60","      FSETP.GT.AND P4, PT, R35, R4, PT","0","0","0","0"
"0x78c83b30ec70","      SEL R2, RZ, 0xffffffff, P5","0","0","0","0"
"0x78c83b30ec80","@!P3  SEL R2, RZ, 0xffffffff, !P4","0","0","0","0"
"0x78c83b30ec90","      LOP3.LUT R2, R2, 0x1, RZ, 0xc0, !PT","0","0","0","0"
"0x78c83b30eca0","      ISETP.NE.U32.AND P3, PT, R2, 0x1, PT","0","0","0","0"
"0x78c83b30ecb0","      MOV R2, 0x4120","0","0","0","0"
"0x78c83b30ecc0","      SEL R3, RZ, 0xffffffff, P3","0","0","0","0"
"0x78c83b30ecd0","      LOP3.LUT R35, R35, R3, R4, 0xb8, !PT","0","0","0","0"
"0x78c83b30ece0","      LOP3.LUT R45, R45, R3, R46, 0xb8, !PT","0","0","0","0"
"0x78c83b30ecf0","      IMAD.MOV.U32 R46, RZ, RZ, 0x1f","0","0","0","0"
"0x78c83b30ed00","      IMAD.MOV.U32 R49, RZ, RZ, R35","0","0","0","0"
"0x78c83b30ed10","      CALL.REL.NOINC 0x78c83b30f020","0","0","0","0"
"0x78c83b30ed20","      IMAD.MOV.U32 R4, RZ, RZ, R46","0","0","0","0"
"0x78c83b30ed30","      MOV R2, 0x4180","0","0","0","0"
"0x78c83b30ed40","      IMAD.MOV.U32 R50, RZ, RZ, R41","0","0","0","0"
"0x78c83b30ed50","      IMAD.MOV.U32 R49, RZ, RZ, R45","0","0","0","0"
"0x78c83b30ed60","      IMAD.MOV.U32 R46, RZ, RZ, 0x1f","0","0","0","0"
"0x78c83b30ed70","      CALL.REL.NOINC 0x78c83b30f020","0","0","0","0"
"0x78c83b30ed80","      FSETP.GEU.AND P4, PT, R35, R4, PT","0","0","0","0"
"0x78c83b30ed90","      IMAD.MOV.U32 R50, RZ, RZ, R42","0","0","0","0"
"0x78c83b30eda0","      FSETP.GT.AND P3, PT, R35, R4, PT","0","0","0","0"
"0x78c83b30edb0","      SEL R2, RZ, 0xffffffff, P4","0","0","0","0"
"0x78c83b30edc0","@!P2  SEL R2, RZ, 0xffffffff, !P3","0","0","0","0"
"0x78c83b30edd0","      LOP3.LUT R2, R2, 0x1, RZ, 0xc0, !PT","0","0","0","0"
"0x78c83b30ede0","      ISETP.NE.U32.AND P2, PT, R2, 0x1, PT","0","0","0","0"
"0x78c83b30edf0","      MOV R2, 0x4260","0","0","0","0"
"0x78c83b30ee00","      SEL R3, RZ, 0xffffffff, P2","0","0","0","0"
"0x78c83b30ee10","      LOP3.LUT R35, R35, R3, R4, 0xb8, !PT","0","0","0","0"
"0x78c83b30ee20","      LOP3.LUT R45, R45, R3, R46, 0xb8, !PT","0","0","0","0"
"0x78c83b30ee30","      IMAD.MOV.U32 R46, RZ, RZ, 0x1f","0","0","0","0"
"0x78c83b30ee40","      IMAD.MOV.U32 R49, RZ, RZ, R35","0","0","0","0"
"0x78c83b30ee50","      CALL.REL.NOINC 0x78c83b30f020","0","0","0","0"
"0x78c83b30ee60","      IMAD.MOV.U32 R4, RZ, RZ, R46","0","0","0","0"
"0x78c83b30ee70","      MOV R2, 0x42c0","0","0","0","0"
"0x78c83b30ee80","      IMAD.MOV.U32 R50, RZ, RZ, R42","0","0","0","0"
"0x78c83b30ee90","      IMAD.MOV.U32 R49, RZ, RZ, R45","0","0","0","0"
"0x78c83b30eea0","      IMAD.MOV.U32 R46, RZ, RZ, 0x1f","0","0","0","0"
"0x78c83b30eeb0","      CALL.REL.NOINC 0x78c83b30f020","0","0","0","0"
"0x78c83b30eec0","      FSETP.GEU.AND P3, PT, R35, R4, PT","0","0","0","0"
"0x78c83b30eed0","      IMAD.MOV.U32 R50, RZ, RZ, R44","0","0","0","0"
"0x78c83b30eee0","      FSETP.GT.AND P2, PT, R35, R4, PT","0","0","0","0"
"0x78c83b30eef0","      SEL R2, RZ, 0xffffffff, P3","0","0","0","0"
"0x78c83b30ef00","@!P0  SEL R2, RZ, 0xffffffff, !P2","0","0","0","0"
"0x78c83b30ef10","      LOP3.LUT R2, R2, 0x1, RZ, 0xc0, !PT","0","0","0","0"
"0x78c83b30ef20","      ISETP.NE.U32.AND P0, PT, R2, 0x1, PT","0","0","0","0"
"0x78c83b30ef30","      MOV R2, 0x43a0","0","0","0","0"
"0x78c83b30ef40","      SEL R41, RZ, 0xffffffff, P0","0","0","0","0"
"0x78c83b30ef50","      LOP3.LUT R35, R35, R41, R4, 0xb8, !PT","0","0","0","0"
"0x78c83b30ef60","      LOP3.LUT R41, R45, R41, R46, 0xb8, !PT","0","0","0","0"
"0x78c83b30ef70","      IMAD.MOV.U32 R46, RZ, RZ, 0x1f","0","0","0","0"
"0x78c83b30ef80","      IMAD.MOV.U32 R49, RZ, RZ, R35","0","0","0","0"
"0x78c83b30ef90","      CALL.REL.NOINC 0x78c83b30f020","0","0","0","0"
"0x78c83b30efa0","      IMAD.MOV.U32 R4, RZ, RZ, R46","0","0","0","0"
"0x78c83b30efb0","      MOV R2, 0x4410","0","0","0","0"
"0x78c83b30efc0","      IMAD.MOV.U32 R36, RZ, RZ, R46","0","0","0","0"
"0x78c83b30efd0","      IMAD.MOV.U32 R50, RZ, RZ, R44","0","0","0","0"
"0x78c83b30efe0","      IMAD.MOV.U32 R49, RZ, RZ, R41","0","0","0","0"
"0x78c83b30eff0","      IMAD.MOV.U32 R46, RZ, RZ, 0x1f","0","0","0","0"
"0x78c83b30f000","      CALL.REL.NOINC 0x78c83b30f020","0","0","0","0"
"0x78c83b30f010","      BRA 0x78c83b30cd60","0","0","0","0"
"0x78c83b30f020","      IMAD.MOV.U32 R3, RZ, RZ, 0x0","0","0","0","0"
"0x78c83b30f030","      WARPSYNC R43","0","0","0","0"
"0x78c83b30f040","      SHFL.IDX PT, R46, R49, R50, R46","0","0","0","0"
"0x78c83b30f050","      RET.REL.NODEC R2, 0x78c83b30ac00","0","0","0","0"
"0x78c83b30f060","      IMAD.MOV.U32 R3, RZ, RZ, 0x0","0","0","0","0"
"0x78c83b30f070","      WARPSYNC 0xffffffff","0","0","0","0"
"0x78c83b30f080","      RET.REL.NODEC R2, 0x78c83b30ac00","0","0","0","0"
"0x78c83b30f090","      BRA 0x78c83b30f090","0","0","0","0"
"0x78c83b30f0a0","      NOP","0","0","0","0"
"0x78c83b30f0b0","      NOP","0","0","0","0"
"0x78c83b30f0c0","      NOP","0","0","0","0"
"0x78c83b30f0d0","      NOP","0","0","0","0"
"0x78c83b30f0e0","      NOP","0","0","0","0"
"0x78c83b30f0f0","      NOP","0","0","0","0"
"0x78c83b30f100","      NOP","0","0","0","0"
"0x78c83b30f110","      NOP","0","0","0","0"
"0x78c83b30f120","      NOP","0","0","0","0"
"0x78c83b30f130","      NOP","0","0","0","0"
"0x78c83b30f140","      NOP","0","0","0","0"
"0x78c83b30f150","      NOP","0","0","0","0"
"0x78c83b30f160","      NOP","0","0","0","0"
"0x78c83b30f170","      NOP","0","0","0","0"
